"Date","Price","Open","High","Low","Vol.","Change %"
"01/13/2025","330.31","333.10","334.10","329.53","116.77M","-1.27%"
"01/10/2025","334.55","336.60","337.61","333.39","139.73M","-0.25%"
"01/09/2025","335.40","336.11","338.12","334.77","145.22M","0.13%"
"01/08/2025","334.95","328.98","336.02","328.98","139.75M","1.23%"
"01/07/2025","330.89","335.46","336.60","330.89","133.15M","-0.19%"
"01/06/2025","331.52","325.82","331.61","324.89","102.03M","2.32%"
"01/03/2025","324.00","318.26","326.06","318.04","110.73M","1.96%"
"01/02/2025","317.77","317.68","319.01","315.82","91.35M","-0.02%"
"12/30/2024","317.82","318.13","322.20","316.94","73.58M","-0.38%"
"12/27/2024","319.03","320.24","321.30","316.91","86.74M","-0.75%"
"12/26/2024","321.45","324.48","324.48","321.42","92.61M","-0.60%"
"12/24/2024","323.39","324.11","324.50","321.86","78.51M","0.13%"
"12/23/2024","322.98","321.00","324.00","319.77","100.61M","1.46%"
"12/20/2024","318.33","321.38","321.80","315.82","124.96M","-1.26%"
"12/19/2024","322.38","321.42","324.37","321.11","104.15M","-2.23%"
"12/18/2024","329.72","326.00","330.90","325.90","96.32M","1.37%"
"12/17/2024","325.25","329.25","329.38","324.90","125.13M","-1.32%"
"12/16/2024","329.61","332.92","333.59","328.63","108.95M","-0.27%"
"12/13/2024","330.49","328.14","331.67","327.46","115.70M","0.44%"
"12/12/2024","329.04","325.84","330.10","324.79","173.97M","1.60%"
"12/11/2024","323.86","319.56","323.99","319.36","104.24M","0.96%"
"12/10/2024","320.79","317.02","321.11","317.00","139.13M","2.25%"
"12/09/2024","313.74","317.30","318.70","313.51","151.03M","-2.59%"
"12/06/2024","322.07","325.18","326.21","317.70","156.24M","-0.56%"
"12/05/2024","323.87","327.44","327.44","322.80","144.87M","-0.83%"
"12/04/2024","326.59","324.38","329.01","323.90","217.71M","-1.46%"
"12/03/2024","331.44","327.45","331.60","327.45","129.91M","1.87%"
"12/02/2024","325.34","328.47","328.89","324.49","117.60M","-0.03%"
"11/29/2024","325.45","330.18","330.30","323.55","134.81M","-1.81%"
"11/28/2024","331.45","331.60","333.27","330.89","102.69M","-0.26%"
"11/27/2024","332.32","334.85","335.63","331.56","121.77M","-0.98%"
"11/26/2024","335.60","334.79","336.16","334.08","133.02M","-0.31%"
"11/25/2024","336.63","335.66","337.81","334.14","213.36M","1.28%"
"11/22/2024","332.36","331.20","334.00","330.84","113.35M","0.87%"
"11/21/2024","329.49","327.74","331.81","327.67","116.36M","0.14%"
"11/20/2024","329.02","328.73","330.33","327.58","109.86M","0.28%"
"11/19/2024","328.11","328.17","329.76","327.25","141.86M","-0.10%"
"11/18/2024","328.44","324.74","330.32","324.07","159.11M","2.47%"
"11/15/2024","320.53","318.19","322.58","316.14","177.52M","0.89%"
"11/14/2024","317.70","320.32","321.87","316.99","213.66M","-0.36%"
"11/13/2024","318.84","325.38","327.20","318.58","171.26M","-2.59%"
"11/12/2024","327.31","333.67","334.30","327.07","173.53M","-2.19%"
"11/11/2024","334.64","338.62","338.62","333.76","168.97M","-1.49%"
"11/08/2024","339.71","343.78","344.56","338.82","139.53M","-0.34%"
"11/07/2024","340.87","339.69","343.02","337.76","167.22M","0.08%"
"11/06/2024","340.61","343.52","343.81","337.61","132.09M","-0.25%"
"11/05/2024","341.47","340.72","342.88","339.78","88.17M","-0.62%"
"11/04/2024","343.60","338.42","343.60","337.80","99.33M","1.81%"
"11/01/2024","337.49","337.56","339.93","336.58","104.59M","-0.54%"
"10/31/2024","339.32","342.20","343.30","339.18","147.44M","-1.65%"
"10/30/2024","345.00","346.65","347.79","343.85","128.04M","-0.94%"
"10/29/2024","348.28","346.59","348.28","344.56","134.51M","0.29%"
"10/28/2024","347.27","344.07","347.53","343.74","120.39M","1.14%"
"10/25/2024","343.37","345.04","347.25","342.34","132.30M","0.14%"
"10/24/2024","342.88","344.61","345.97","342.67","124.38M","-0.98%"
"10/23/2024","346.27","342.44","347.75","341.24","123.46M","1.22%"
"10/22/2024","342.09","346.16","346.73","341.55","126.78M","-1.31%"
"10/21/2024","346.62","346.25","348.62","345.12","103.21M","0.35%"
"10/18/2024","345.42","348.59","349.24","344.72","106.42M","-0.66%"
"10/17/2024","347.73","348.84","349.18","346.32","146.93M","0.14%"
"10/16/2024","347.26","346.34","349.11","345.54","133.29M","-1.09%"
"10/15/2024","351.07","351.04","351.46","348.66","118.80M","0.38%"
"10/14/2024","349.74","346.48","350.56","346.48","107.01M","1.24%"
"10/11/2024","345.45","347.17","348.77","345.17","108.87M","0.07%"
"10/10/2024","345.21","347.02","347.55","344.82","172.69M","0.28%"
"10/08/2024","344.23","344.73","345.87","342.89","122.99M","-0.90%"
"10/07/2024","347.34","342.63","347.75","340.19","141.51M","1.64%"
"10/04/2024","341.74","341.09","344.29","339.88","127.72M","0.30%"
"10/02/2024","340.72","340.76","344.83","339.53","133.72M","-1.17%"
"09/30/2024","344.76","355.83","356.29","344.76","142.54M","-2.59%"
"09/27/2024","353.93","356.93","358.71","353.93","142.24M","-0.70%"
"09/26/2024","356.44","350.68","356.44","350.44","139.54M","3.45%"
"09/25/2024","344.56","352.51","354.09","344.56","156.60M","-1.44%"
"09/24/2024","349.61","347.19","349.61","344.75","122.75M","1.11%"
"09/23/2024","345.78","345.01","346.14","343.67","116.06M","0.32%"
"09/20/2024","344.67","346.77","348.89","344.54","171.81M","0.40%"
"09/19/2024","343.28","345.58","346.24","338.56","154.54M","-0.12%"
"09/13/2024","343.69","343.47","345.27","342.05","104.06M","-0.05%"
"09/12/2024","343.85","340.94","343.85","339.23","144.26M","2.44%"
"09/11/2024","335.65","338.08","338.32","332.72","124.65M","-0.84%"
"09/10/2024","338.48","340.68","341.50","338.15","104.43M","-0.50%"
"09/09/2024","340.18","335.79","341.44","334.57","99.15M","-0.64%"
"09/06/2024","342.37","346.14","346.25","340.08","107.60M","-1.03%"
"09/05/2024","345.92","348.96","351.36","344.09","139.08M","-0.21%"
"09/04/2024","346.66","348.19","351.04","346.30","138.92M","-3.38%"
"09/03/2024","358.80","362.00","363.87","358.80","105.62M","-0.91%"
"09/02/2024","362.09","362.57","363.10","358.39","100.65M","0.15%"
"08/30/2024","361.55","362.21","363.55","361.11","135.28M","0.40%"
"08/29/2024","360.10","359.58","361.59","358.23","121.37M","-1.42%"
"08/28/2024","365.28","364.76","365.40","362.06","119.87M","0.20%"
"08/27/2024","364.56","365.94","366.35","363.62","95.29M","-0.48%"
"08/26/2024","366.31","370.01","370.36","365.26","114.48M","-0.43%"
"08/23/2024","367.91","366.78","369.79","366.40","96.37M","-0.32%"
"08/22/2024","369.10","369.71","369.81","366.64","103.89M","0.24%"
"08/21/2024","368.22","367.09","369.02","366.53","107.34M","-0.21%"
"08/20/2024","368.99","369.39","370.67","367.64","105.94M","0.95%"
"08/19/2024","365.52","369.09","369.13","364.01","106.59M","-0.97%"
"08/16/2024","369.11","368.35","369.36","366.27","125.77M","2.42%"
"08/14/2024","360.39","361.11","362.07","358.88","103.71M","0.94%"
"08/13/2024","357.02","356.97","358.69","354.70","110.04M","0.40%"
"08/12/2024","355.61","353.64","356.60","353.25","98.13M","1.16%"
"08/09/2024","351.52","353.82","353.86","349.73","125.05M","1.39%"
"08/08/2024","346.70","343.26","348.89","341.56","159.52M","-0.68%"
"08/07/2024","349.09","340.91","352.72","340.08","159.27M","2.15%"
"08/06/2024","341.73","345.63","350.72","338.20","205.54M","2.97%"
"08/05/2024","331.86","355.28","355.28","324.52","263.54M","-9.12%"
"08/02/2024","365.17","371.76","372.84","363.89","155.24M","-4.04%"
"08/01/2024","380.54","383.68","384.54","380.47","123.74M","0.01%"
"07/31/2024","380.49","376.01","380.49","374.01","151.71M","1.50%"
"07/30/2024","374.87","375.39","376.47","373.54","139.03M","-1.02%"
"07/29/2024","378.73","376.85","380.44","375.87","146.38M","1.21%"
"07/26/2024","374.20","373.44","375.19","371.74","195.05M","0.79%"
"07/25/2024","371.26","372.91","374.00","370.53","156.50M","-1.95%"
"07/24/2024","378.66","378.58","381.95","377.38","137.36M","-0.78%"
"07/23/2024","381.65","383.80","384.91","380.40","151.50M","0.48%"
"07/22/2024","379.84","383.44","384.25","378.06","127.34M","-1.05%"
"07/19/2024","383.89","385.02","385.71","381.21","127.88M","-1.31%"
"07/18/2024","389.00","385.24","389.00","384.53","269.87M","-0.65%"
"07/17/2024","391.55","394.93","395.48","391.22","197.25M","-0.95%"
"07/16/2024","395.31","393.80","396.18","393.20","164.80M","0.37%"
"07/15/2024","393.84","394.09","395.39","391.39","165.53M","0.40%"
"07/12/2024","392.29","394.49","395.23","390.43","174.14M","-1.56%"
"07/11/2024","398.52","398.82","400.31","396.69","163.31M","0.74%"
"07/10/2024","395.60","395.01","396.08","394.02","131.88M","-0.05%"
"07/09/2024","395.79","396.59","396.92","393.31","148.08M","0.33%"
"07/08/2024","394.47","395.62","396.90","394.02","127.69M","-0.25%"
"07/05/2024","395.47","390.51","396.42","390.49","153.44M","1.79%"
"07/04/2024","388.53","386.82","388.53","385.91","148.76M","1.38%"
"07/03/2024","383.23","383.18","383.48","379.89","122.48M","0.53%"
"07/02/2024","381.20","383.33","384.66","380.74","133.14M","-0.82%"
"07/01/2024","384.34","383.10","384.75","382.07","110.26M","0.08%"
"06/28/2024","384.02","383.50","384.02","381.49","122.28M","0.46%"
"06/27/2024","382.27","378.98","382.27","378.06","125.57M","-0.19%"
"06/26/2024","383.01","378.52","383.06","377.87","125.40M","0.83%"
"06/25/2024","379.85","378.12","380.94","378.12","132.67M","0.39%"
"06/24/2024","378.39","378.92","380.47","377.15","126.70M","-0.65%"
"06/21/2024","380.88","382.37","382.92","379.65","175.21M","-1.01%"
"06/20/2024","384.78","383.86","385.76","382.66","147.36M","0.46%"
"06/19/2024","383.01","381.28","383.72","381.21","168.57M","1.40%"
"06/18/2024","377.73","377.07","378.72","376.12","158.17M","1.04%"
"06/17/2024","373.86","375.42","376.57","373.32","130.80M","-0.57%"
"06/14/2024","376.00","375.76","377.68","374.50","173.20M","0.33%"
"06/13/2024","374.75","376.93","378.81","374.65","249.14M","0.98%"
"06/12/2024","371.12","368.43","371.71","367.90","134.89M","0.93%"
"06/11/2024","367.71","369.61","369.90","367.15","127.51M","0.07%"
"06/10/2024","367.46","367.76","370.35","366.35","116.15M","-1.06%"
"06/07/2024","371.39","370.80","372.81","368.57","126.62M","1.35%"
"06/05/2024","366.44","365.64","367.76","363.39","152.84M","1.08%"
"06/04/2024","362.52","363.37","365.07","362.23","169.15M","-0.81%"
"06/03/2024","365.48","361.66","367.01","361.61","174.46M","2.03%"
"05/31/2024","358.21","362.02","362.81","358.12","234.12M","-0.14%"
"05/30/2024","358.70","363.33","363.51","358.70","124.28M","-1.72%"
"05/29/2024","364.96","371.04","371.53","364.96","151.67M","-1.72%"
"05/28/2024","371.33","369.71","372.34","369.58","144.57M","0.05%"
"05/27/2024","371.16","366.98","371.86","366.29","216.89M","1.39%"
"05/24/2024","366.08","367.35","367.69","365.27","127.06M","-1.49%"
"05/23/2024","371.62","370.85","373.72","368.90","136.08M","0.06%"
"05/22/2024","371.41","371.14","372.69","368.72","139.39M","-0.04%"
"05/21/2024","371.55","372.39","373.07","370.90","119.55M","-0.57%"
"05/20/2024","373.68","373.20","375.70","372.22","154.41M","0.84%"
"05/17/2024","370.58","374.43","374.69","370.46","123.11M","-1.07%"
"05/16/2024","374.60","377.33","378.05","373.93","182.17M","0.96%"
"05/14/2024","371.04","371.69","372.12","369.90","124.26M","0.01%"
"05/13/2024","370.99","372.10","373.04","368.79","204.95M","-0.02%"
"05/10/2024","371.08","372.73","373.80","370.41","141.85M","0.61%"
"05/09/2024","368.83","373.70","374.46","368.76","146.40M","-1.41%"
"05/08/2024","374.09","372.32","374.12","371.58","126.97M","0.35%"
"05/07/2024","372.80","370.06","372.80","369.85","157.57M","2.54%"
"05/03/2024","363.58","367.57","367.91","363.58","90.44M","-0.20%"
"05/02/2024","364.31","363.37","365.69","363.37","107.17M","-0.22%"
"05/01/2024","365.13","365.17","367.94","364.20","130.23M","0.00%"
"04/30/2024","365.13","365.17","367.94","364.20","130.23M","0.18%"
"04/29/2024","364.48","363.71","364.73","362.13","145.79M","0.96%"
"04/26/2024","361.02","360.18","362.08","358.98","154.22M","1.27%"
"04/25/2024","356.51","359.05","360.57","356.51","107.77M","-1.95%"
"04/24/2024","363.60","361.66","364.07","361.34","115.52M","2.14%"
"04/23/2024","355.98","357.56","358.83","355.86","131.15M","-0.25%"
"04/22/2024","356.89","355.68","357.48","353.72","152.40M","1.22%"
"04/19/2024","352.58","353.90","355.37","347.12","163.74M","-1.80%"
"04/18/2024","359.06","354.25","360.33","353.48","155.19M","1.78%"
"04/17/2024","352.79","358.21","359.11","352.79","108.35M","-1.09%"
"04/16/2024","356.67","361.51","362.05","355.20","137.54M","-2.37%"
"04/15/2024","365.31","364.28","365.74","361.01","122.92M","-0.53%"
"04/12/2024","367.25","371.20","371.43","366.48","163.65M","-0.94%"
"04/11/2024","370.72","364.53","372.49","364.18","147.05M","0.12%"
"04/09/2024","370.27","374.66","375.47","369.96","124.59M","-0.60%"
"04/08/2024","372.51","372.62","373.96","371.60","117.62M","0.25%"
"04/05/2024","371.57","371.51","374.13","370.20","160.48M","-1.08%"
"04/04/2024","375.61","374.45","376.20","373.39","129.76M","1.59%"
"04/03/2024","369.72","373.09","373.63","369.72","155.08M","-1.76%"
"04/02/2024","376.34","374.16","377.29","373.44","149.55M","0.55%"
"04/01/2024","374.28","377.66","378.29","374.19","117.50M","-0.09%"
"03/29/2024","374.63","375.04","375.56","372.77","136.76M","0.38%"
"03/28/2024","373.22","373.78","374.80","372.23","134.09M","-0.23%"
"03/27/2024","374.08","372.58","375.33","372.48","147.63M","-0.14%"
"03/26/2024","374.60","373.77","377.83","373.18","135.11M","1.04%"
"03/25/2024","370.73","373.69","375.23","369.77","118.92M","-0.52%"
"03/22/2024","372.65","373.27","375.10","370.71","138.51M","-0.27%"
"03/21/2024","373.66","369.97","373.82","368.82","154.73M","2.85%"
"03/20/2024","363.32","361.07","363.58","359.93","147.69M","1.68%"
"03/19/2024","357.33","359.03","359.07","355.51","147.01M","-1.10%"
"03/18/2024","361.31","360.74","361.77","358.53","120.54M","0.53%"
"03/15/2024","359.39","364.12","364.67","359.39","201.92M","-1.99%"
"03/14/2024","366.68","363.85","366.68","363.50","266.38M","1.00%"
"03/13/2024","363.04","363.15","364.43","361.26","133.92M","0.53%"
"03/12/2024","361.11","359.95","362.00","357.88","125.85M","0.77%"
"03/11/2024","358.34","359.31","360.94","358.20","120.79M","-0.93%"
"03/08/2024","361.71","360.87","362.72","360.01","117.52M","1.37%"
"03/07/2024","356.82","357.80","358.61","354.96","120.27M","0.16%"
"03/06/2024","356.25","356.01","357.25","354.52","123.87M","-0.37%"
"03/05/2024","357.59","359.39","362.54","357.59","134.88M","-0.97%"
"03/04/2024","361.10","358.99","361.98","358.48","152.49M","1.56%"
"02/29/2024","355.57","355.38","356.46","353.29","187.60M","-0.34%"
"02/28/2024","356.79","353.06","357.51","352.31","127.22M","1.14%"
"02/27/2024","352.76","356.39","356.42","352.02","137.86M","-0.77%"
"02/26/2024","355.48","356.75","357.14","352.91","140.52M","-0.86%"
"02/23/2024","358.57","360.40","362.72","358.18","133.37M","0.25%"
"02/22/2024","357.67","358.87","358.97","355.86","128.28M","0.46%"
"02/21/2024","356.04","357.07","358.81","354.69","109.12M","-0.25%"
"02/20/2024","356.92","359.53","359.92","355.07","119.32M","-1.10%"
"02/19/2024","360.88","356.40","361.32","356.40","139.81M","1.51%"
"02/16/2024","355.52","354.19","355.58","352.17","121.46M","1.23%"
"02/15/2024","351.21","355.83","356.02","351.21","121.34M","-0.42%"
"02/14/2024","352.69","351.52","353.77","350.62","120.51M","-1.31%"
"02/13/2024","357.38","356.85","358.68","356.10","156.04M","1.16%"
"02/08/2024","353.29","353.44","354.96","352.00","192.01M","0.30%"
"02/07/2024","352.25","349.80","354.71","348.96","246.76M","1.28%"
"02/06/2024","347.80","348.23","350.43","345.52","132.64M","-0.39%"
"02/05/2024","349.15","352.70","352.96","344.95","189.50M","-1.21%"
"02/02/2024","353.43","345.10","353.44","344.94","212.40M","3.22%"
"02/01/2024","342.41","335.89","342.48","335.89","243.07M","1.84%"
"01/31/2024","336.24","335.50","337.20","335.15","126.92M","-0.37%"
"01/30/2024","337.48","340.96","341.62","337.08","128.28M","-0.11%"
"01/29/2024","337.84","335.68","340.51","334.66","114.36M","1.09%"
"01/26/2024","334.21","331.99","337.67","331.28","86.54M","0.12%"
"01/25/2024","333.80","333.20","334.19","331.37","101.11M","0.16%"
"01/24/2024","333.27","334.45","334.66","331.01","100.93M","-0.51%"
"01/23/2024","334.97","334.87","335.12","332.23","95.07M","0.70%"
"01/22/2024","332.63","335.76","336.15","332.63","92.55M","-0.11%"
"01/19/2024","332.99","331.60","333.27","330.63","102.43M","1.79%"
"01/18/2024","327.13","326.88","328.78","325.10","98.18M","0.31%"
"01/17/2024","326.11","335.51","336.06","326.06","134.92M","-2.58%"
"01/16/2024","334.73","337.76","338.74","334.22","94.32M","-1.33%"
"01/15/2024","339.24","338.61","340.54","337.66","86.54M","0.30%"
"01/12/2024","338.22","339.79","341.05","337.22","86.83M","-0.61%"
"01/11/2024","340.28","340.32","342.79","339.93","163.53M","-0.11%"
"01/10/2024","340.66","344.21","345.06","340.26","95.49M","-0.92%"
"01/09/2024","343.81","350.01","350.20","343.00","94.88M","-0.51%"
"01/08/2024","345.58","348.17","349.39","345.48","78.23M","-0.47%"
"01/05/2024","347.22","348.22","348.87","346.32","82.15M","-0.24%"
"01/04/2024","348.07","349.10","350.76","347.13","103.14M","-0.89%"
"01/03/2024","351.20","356.74","356.82","351.20","117.69M","-2.59%"
"01/02/2024","360.55","356.43","361.53","355.96","106.71M","0.72%"
"12/28/2023","357.99","352.75","357.99","352.01","108.35M","1.57%"
"12/27/2023","352.46","350.05","352.46","348.93","129.88M","0.58%"
"12/26/2023","350.43","350.57","351.16","349.00","109.35M","0.37%"
"12/22/2023","349.15","351.68","352.33","349.15","114.79M","0.11%"
"12/21/2023","348.78","348.25","349.78","346.70","128.07M","-0.38%"
"12/20/2023","350.11","346.67","350.40","346.22","213.30M","1.79%"
"12/19/2023","343.95","343.18","344.15","342.17","165.18M","0.13%"
"12/18/2023","343.50","344.36","344.51","342.23","126.76M","-0.14%"
"12/15/2023","343.99","343.43","345.68","342.94","144.48M","0.78%"
"12/14/2023","341.33","341.97","342.68","339.39","156.81M","1.38%"
"12/13/2023","336.68","339.09","339.46","336.54","74.86M","-0.91%"
"12/12/2023","339.77","339.42","340.69","338.81","96.20M","0.54%"
"12/11/2023","337.93","337.68","338.21","335.77","80.19M","0.40%"
"12/08/2023","336.60","335.33","337.27","334.91","72.00M","1.18%"
"12/07/2023","332.67","332.95","333.96","331.42","85.65M","-0.23%"
"12/06/2023","333.45","334.30","335.47","333.45","86.20M","0.18%"
"12/05/2023","332.85","335.21","335.27","332.61","93.83M","-0.98%"
"12/04/2023","336.14","337.20","337.76","335.63","90.95M","0.40%"
"12/01/2023","334.80","336.71","336.73","334.41","95.30M","-1.07%"
"11/30/2023","338.43","335.61","338.43","334.90","169.52M","0.54%"
"11/29/2023","336.62","336.64","337.10","334.34","88.76M","-0.27%"
"11/28/2023","337.52","335.15","337.65","334.49","97.44M","1.15%"
"11/27/2023","333.67","334.42","336.04","332.58","72.98M","-0.10%"
"11/24/2023","334.00","337.26","337.88","334.00","73.07M","-0.86%"
"11/23/2023","336.91","337.46","338.02","335.79","72.84M","0.03%"
"11/22/2023","336.81","334.08","337.56","333.46","72.50M","0.07%"
"11/21/2023","336.57","336.12","337.75","335.64","80.86M","0.70%"
"11/20/2023","334.23","331.30","335.56","331.05","73.76M","0.65%"
"11/17/2023","332.06","332.91","333.71","331.16","72.72M","-0.67%"
"11/16/2023","334.31","333.52","334.90","332.16","80.86M","0.10%"
"11/15/2023","333.96","333.15","333.97","330.99","117.06M","2.26%"
"11/14/2023","326.57","326.12","327.80","325.80","75.47M","1.01%"
"11/13/2023","323.31","326.78","327.63","322.64","68.73M","-0.14%"
"11/10/2023","323.75","322.78","324.18","321.26","65.66M","-0.47%"
"11/09/2023","325.29","324.38","326.89","323.32","93.29M","0.40%"
"11/08/2023","324.00","329.44","330.42","323.36","89.90M","-1.01%"
"11/07/2023","327.29","330.70","330.70","323.89","119.88M","-2.06%"
"11/06/2023","334.16","322.62","334.16","321.57","174.43M","5.00%"
"11/03/2023","318.24","317.96","318.76","316.50","89.97M","0.98%"
"11/02/2023","315.16","314.59","316.51","314.12","112.38M","1.76%"
"11/01/2023","309.71","307.55","310.41","307.33","88.98M","1.36%"
"10/31/2023","305.56","310.49","311.58","305.14","121.72M","-1.10%"
"10/30/2023","308.95","307.01","310.12","306.89","95.85M","0.14%"
"10/27/2023","308.53","309.68","310.43","307.24","92.93M","0.25%"
"10/26/2023","307.75","311.36","312.37","307.75","110.77M","-2.76%"
"10/25/2023","316.49","319.26","319.59","316.30","91.22M","-0.61%"
"10/24/2023","318.43","317.34","318.63","311.77","93.26M","0.93%"
"10/23/2023","315.50","317.43","318.30","315.09","89.16M","-0.77%"
"10/20/2023","317.96","319.45","320.18","316.28","112.71M","-1.49%"
"10/19/2023","322.76","324.75","325.08","322.40","115.71M","-1.84%"
"10/18/2023","328.82","326.32","329.06","326.12","134.13M","0.45%"
"10/17/2023","327.35","325.70","328.26","325.01","88.46M","1.26%"
"10/16/2023","323.29","324.10","326.00","321.32","93.10M","-0.76%"
"10/13/2023","325.77","326.11","327.33","325.43","91.78M","-0.94%"
"10/12/2023","328.85","326.89","328.85","326.89","108.82M","1.27%"
"10/11/2023","324.74","323.96","327.26","323.95","119.11M","1.76%"
"10/10/2023","319.11","322.97","324.85","319.06","128.82M","0.05%"
"10/06/2023","318.94","319.27","320.67","318.44","87.54M","0.11%"
"10/05/2023","318.58","321.46","321.71","318.46","104.52M","-0.27%"
"10/04/2023","319.45","322.61","322.61","318.88","149.16M","-2.22%"
"09/27/2023","326.71","325.05","327.50","324.73","81.60M","-0.06%"
"09/26/2023","326.90","331.51","331.56","326.63","90.03M","-1.41%"
"09/25/2023","331.58","331.40","332.65","330.10","84.40M","-0.13%"
"09/22/2023","332.02","329.90","332.59","329.11","87.03M","-0.31%"
"09/21/2023","333.04","336.73","337.54","333.01","96.33M","-1.69%"
"09/20/2023","338.75","338.54","339.87","337.57","104.35M","-0.02%"
"09/19/2023","338.82","341.50","342.18","338.21","96.05M","-0.54%"
"09/18/2023","340.67","342.98","344.39","340.51","100.51M","-1.25%"
"09/15/2023","344.98","341.56","346.29","341.02","159.76M","1.11%"
"09/14/2023","341.19","337.34","341.19","336.64","121.38M","1.55%"
"09/13/2023","335.99","335.83","337.61","334.67","106.78M","0.13%"
"09/12/2023","335.54","338.51","338.81","335.28","94.68M","-0.60%"
"09/11/2023","337.58","336.52","337.62","335.33","112.57M","0.35%"
"09/08/2023","336.40","336.29","336.66","333.92","79.83M","-0.10%"
"09/07/2023","336.74","336.93","338.02","335.08","88.39M","-0.33%"
"09/06/2023","337.85","339.66","340.48","337.36","91.71M","-0.72%"
"09/05/2023","340.29","340.15","341.45","339.25","82.75M","-0.21%"
"09/04/2023","341.02","339.10","341.02","337.60","96.70M","0.81%"
"09/01/2023","338.28","334.11","338.95","334.07","119.77M","1.05%"
"08/31/2023","334.75","335.38","336.06","333.39","146.25M","-0.06%"
"08/30/2023","334.94","337.11","337.69","334.94","89.26M","0.35%"
"08/29/2023","333.76","333.57","334.46","332.70","88.52M","0.37%"
"08/28/2023","332.53","332.10","332.67","330.87","95.14M","0.69%"
"08/25/2023","330.25","329.31","331.40","328.66","82.42M","-1.07%"
"08/24/2023","333.82","333.14","334.04","332.14","105.02M","1.42%"
"08/23/2023","329.15","328.95","330.22","327.87","87.58M","-0.17%"
"08/22/2023","329.70","331.65","332.53","328.69","93.98M","0.26%"
"08/21/2023","328.84","329.45","331.09","328.30","100.07M","0.13%"
"08/18/2023","328.42","326.90","330.65","326.24","119.16M","-0.55%"
"08/17/2023","330.23","329.63","330.43","325.74","117.99M","-0.32%"
"08/16/2023","331.28","333.69","334.17","330.54","126.66M","-1.50%"
"08/14/2023","336.33","338.58","339.52","335.28","125.09M","-0.78%"
"08/11/2023","338.98","341.88","343.03","338.80","128.91M","-0.43%"
"08/10/2023","340.46","339.69","340.46","339.09","164.73M","-0.34%"
"08/09/2023","341.61","339.00","342.38","338.45","115.52M","1.08%"
"08/08/2023","337.95","342.12","342.62","337.25","127.77M","-0.51%"
"08/07/2023","339.68","339.60","343.18","339.46","117.86M","-0.46%"
"08/04/2023","341.25","341.60","342.72","340.62","118.84M","-0.08%"
"08/03/2023","341.54","344.80","345.05","340.10","169.19M","-0.66%"
"08/02/2023","343.80","349.10","349.74","343.25","173.99M","-2.05%"
"08/01/2023","351.00","347.35","351.23","346.56","171.25M","1.56%"
"07/31/2023","345.62","346.50","347.18","344.72","168.15M","0.46%"
"07/28/2023","344.03","343.55","344.34","341.31","197.32M","-0.21%"
"07/27/2023","344.76","341.64","345.50","340.58","238.86M","1.23%"
"07/26/2023","340.56","345.18","345.42","339.53","296.54M","-1.26%"
"07/25/2023","344.92","345.78","346.27","342.93","200.89M","0.17%"
"07/24/2023","344.32","341.98","345.87","340.67","151.45M","0.56%"
"07/21/2023","342.39","339.19","342.39","337.45","130.85M","0.21%"
"07/20/2023","341.67","341.37","343.29","340.62","116.38M","-0.42%"
"07/19/2023","343.11","345.61","345.69","341.78","123.78M","-0.08%"
"07/18/2023","343.38","346.49","346.98","342.90","131.14M","-0.69%"
"07/17/2023","345.75","345.38","346.98","344.74","150.89M","-0.34%"
"07/14/2023","346.93","343.49","346.93","342.90","155.04M","1.70%"
"07/13/2023","341.13","341.60","343.01","341.10","154.06M","0.49%"
"07/12/2023","339.46","336.82","339.46","336.15","185.30M","0.72%"
"07/11/2023","337.02","333.47","337.02","332.91","147.28M","1.87%"
"07/10/2023","330.84","331.82","333.60","330.39","116.84M","-0.22%"
"07/07/2023","331.57","334.79","334.79","330.33","134.89M","-1.38%"
"07/06/2023","336.20","338.19","338.88","335.55","146.37M","-0.84%"
"07/05/2023","339.04","341.47","342.82","338.93","130.51M","-0.75%"
"07/04/2023","341.59","343.54","343.88","341.42","103.85M","-0.43%"
"07/03/2023","343.08","340.26","343.50","340.07","98.77M","1.52%"
"06/30/2023","337.95","337.56","338.98","335.04","103.95M","0.46%"
"06/29/2023","336.39","338.46","340.34","336.39","105.44M","-0.60%"
"06/28/2023","338.41","341.38","341.60","337.60","96.69M","-0.56%"
"06/27/2023","340.32","340.42","340.45","338.65","97.62M","-0.02%"
"06/26/2023","340.38","338.38","340.78","337.62","101.45M","0.57%"
"06/23/2023","338.45","341.95","342.21","338.21","100.44M","-0.78%"
"06/22/2023","341.12","338.52","341.56","338.46","103.39M","0.49%"
"06/21/2023","339.44","341.48","342.03","338.98","126.95M","-0.92%"
"06/20/2023","342.58","341.98","343.02","341.15","157.40M","-0.16%"
"06/19/2023","343.13","344.36","344.55","341.98","120.26M","-0.59%"
"06/16/2023","345.17","345.09","345.35","343.13","153.59M","0.58%"
"06/15/2023","343.19","345.93","346.58","342.72","117.11M","-0.42%"
"06/14/2023","344.65","346.49","346.88","343.69","124.56M","-0.50%"
"06/13/2023","346.39","346.92","347.46","345.38","119.45M","0.53%"
"06/12/2023","344.57","347.54","348.18","343.70","115.93M","-0.64%"
"06/09/2023","346.79","344.28","347.42","343.34","139.70M","1.18%"
"06/08/2023","342.75","342.16","342.75","340.48","155.26M","-0.14%"
"06/07/2023","343.22","344.76","345.63","343.03","115.84M","-0.20%"
"06/05/2023","343.91","344.89","344.95","343.04","117.54M","0.36%"
"06/02/2023","342.67","340.57","342.68","340.12","97.31M","1.36%"
"06/01/2023","338.08","338.36","339.61","337.29","96.81M","-0.31%"
"05/31/2023","339.12","341.55","342.51","339.04","191.23M","-0.70%"
"05/30/2023","341.50","340.53","341.74","339.73","130.05M","1.30%"
"05/26/2023","337.11","336.87","338.06","335.89","106.71M","0.52%"
"05/25/2023","335.35","337.72","338.20","334.98","94.20M","-0.34%"
"05/24/2023","336.49","335.36","337.32","335.09","95.15M","-0.18%"
"05/23/2023","337.09","337.32","338.54","336.37","88.88M","0.24%"
"05/22/2023","336.27","334.50","337.66","333.43","111.14M","0.61%"
"05/19/2023","334.23","332.67","334.27","332.00","108.74M","1.33%"
"05/18/2023","329.84","329.07","329.87","327.68","94.71M","0.99%"
"05/17/2023","326.61","325.61","327.54","324.82","92.27M","0.40%"
"05/16/2023","325.31","327.01","327.72","324.60","104.62M","0.26%"
"05/15/2023","324.46","322.99","324.56","321.61","89.27M","0.26%"
"05/12/2023","323.61","324.83","325.24","322.97","99.54M","-0.51%"
"05/11/2023","325.28","327.18","328.43","325.28","99.13M","-0.23%"
"05/10/2023","326.04","327.73","327.90","324.94","97.56M","-0.66%"
"05/09/2023","328.22","328.68","328.92","326.81","90.98M","-0.21%"
"05/08/2023","328.90","329.01","330.05","328.20","98.84M","0.84%"
"05/04/2023","326.17","325.75","326.33","324.26","98.92M","-0.11%"
"05/03/2023","326.52","326.99","327.93","325.83","103.77M","-0.78%"
"05/02/2023","329.09","326.99","329.49","326.74","113.91M","0.81%"
"04/28/2023","326.46","327.35","328.56","324.77","156.84M","0.42%"
"04/27/2023","325.09","323.78","325.74","321.18","147.06M","0.35%"
"04/26/2023","323.97","324.57","325.61","323.30","142.15M","-0.16%"
"04/25/2023","324.48","329.70","329.88","322.47","163.60M","-1.28%"
"04/24/2023","328.70","329.99","330.35","328.06","133.29M","-0.68%"
"04/21/2023","330.94","332.08","332.49","329.56","146.58M","-0.52%"
"04/20/2023","332.66","332.42","333.65","331.18","176.36M","-0.33%"
"04/19/2023","333.77","333.34","334.96","332.96","167.72M","0.08%"
"04/18/2023","333.50","334.93","334.97","331.35","238.29M","-0.13%"
"04/17/2023","333.92","333.62","334.30","332.18","244.97M","0.07%"
"04/14/2023","333.68","335.42","335.77","332.49","298.77M","0.18%"
"04/13/2023","333.09","330.06","333.09","329.63","172.64M","0.30%"
"04/12/2023","332.09","330.88","332.80","329.77","252.06M","0.37%"
"04/11/2023","330.87","328.00","331.58","326.87","148.44M","1.38%"
"04/10/2023","326.38","323.27","327.89","323.07","144.41M","0.93%"
"04/07/2023","323.36","321.29","323.89","320.53","137.01M","1.74%"
"04/06/2023","317.82","322.37","322.40","317.78","145.37M","-1.77%"
"04/05/2023","323.56","322.04","323.96","321.35","121.20M","0.56%"
"04/04/2023","321.75","320.97","322.85","320.24","155.30M","0.43%"
"04/03/2023","320.38","323.18","323.21","319.73","137.96M","-0.51%"
"03/31/2023","322.03","319.60","322.54","319.17","194.24M","1.25%"
"03/30/2023","318.05","318.51","319.48","316.78","187.35M","0.33%"
"03/29/2023","317.01","315.68","317.03","314.94","152.85M","0.21%"
"03/28/2023","316.36","314.15","316.36","313.49","120.38M","1.12%"
"03/27/2023","312.85","314.83","314.84","311.24","100.99M","-0.46%"
"03/24/2023","314.30","315.17","315.86","312.49","110.75M","-0.46%"
"03/23/2023","315.75","311.51","315.75","311.41","111.56M","0.52%"
"03/22/2023","314.11","313.33","314.26","311.94","93.69M","1.21%"
"03/21/2023","310.36","311.86","312.05","309.64","84.17M","0.28%"
"03/20/2023","309.49","311.59","313.44","309.39","89.48M","-0.83%"
"03/17/2023","312.07","312.20","312.68","309.80","126.08M","1.19%"
"03/16/2023","308.39","305.87","309.27","304.63","111.88M","-0.23%"
"03/15/2023","309.10","309.75","311.42","307.81","112.06M","1.15%"
"03/14/2023","305.58","310.18","310.35","305.45","129.87M","-2.44%"
"03/13/2023","313.21","311.77","313.69","308.03","125.38M","0.82%"
"03/10/2023","310.65","310.15","311.55","309.12","121.79M","-1.08%"
"03/09/2023","314.04","316.57","317.19","313.59","166.46M","-0.42%"
"03/08/2023","315.38","316.14","316.88","314.77","143.26M","-1.38%"
"03/07/2023","319.80","320.04","321.92","319.64","132.31M","-0.36%"
"03/06/2023","320.94","319.22","321.29","317.87","126.07M","1.45%"
"03/03/2023","316.36","317.69","318.30","315.30","113.90M","0.03%"
"03/02/2023","316.26","315.30","318.88","314.40","134.69M","0.46%"
"02/28/2023","314.80","315.75","317.69","314.13","131.22M","0.27%"
"02/27/2023","313.94","314.29","314.43","311.63","109.33M","-0.95%"
"02/24/2023","316.94","319.89","321.27","316.80","120.13M","-0.78%"
"02/23/2023","319.44","317.77","321.13","317.09","144.60M","1.11%"
"02/22/2023","315.94","317.94","318.74","315.83","131.26M","-1.75%"
"02/21/2023","321.56","322.16","322.88","320.02","117.78M","-0.07%"
"02/20/2023","321.79","321.07","322.97","318.15","113.03M","0.31%"
"02/17/2023","320.78","320.15","323.67","320.01","119.73M","-1.02%"
"02/16/2023","324.10","320.00","324.35","319.63","133.65M","1.92%"
"02/15/2023","317.99","324.43","324.54","317.41","136.83M","-1.69%"
"02/14/2023","323.47","324.50","325.80","322.83","103.20M","0.53%"
"02/13/2023","321.75","322.66","323.04","319.78","121.92M","-0.60%"
"02/10/2023","323.69","323.30","324.18","321.62","125.81M","-0.37%"
"02/09/2023","324.90","323.71","325.80","322.83","131.43M","-0.22%"
"02/08/2023","325.63","323.27","326.43","322.81","121.20M","1.58%"
"02/07/2023","320.55","319.36","321.45","318.20","113.21M","0.54%"
"02/06/2023","318.83","322.90","323.71","318.82","115.87M","-2.16%"
"02/03/2023","325.86","323.58","326.49","322.39","122.86M","0.60%"
"02/02/2023","323.93","325.94","326.73","321.97","152.77M","0.85%"
"02/01/2023","321.19","320.54","321.64","318.61","140.52M","1.24%"
"01/31/2023","317.26","322.71","323.26","317.09","194.66M","-1.68%"
"01/30/2023","322.67","328.09","328.97","322.35","141.80M","-1.62%"
"01/27/2023","327.98","326.22","329.71","324.98","156.16M","0.74%"
"01/26/2023","325.57","321.82","325.57","320.49","117.87M","1.50%"
"01/25/2023","320.76","320.81","321.48","319.75","97.52M","1.64%"
"01/20/2023","315.58","313.99","315.76","312.59","78.97M","0.56%"
"01/19/2023","313.81","310.08","313.81","310.04","86.25M","0.61%"
"01/18/2023","311.91","313.62","314.14","310.11","93.05M","-0.59%"
"01/17/2023","313.75","316.22","316.56","312.92","101.25M","-0.72%"
"01/16/2023","316.04","314.41","317.63","314.16","119.83M","0.72%"
"01/13/2023","313.77","312.34","315.44","311.96","128.65M","0.99%"
"01/12/2023","310.70","312.71","312.96","309.70","130.72M","0.10%"
"01/11/2023","310.38","311.66","312.57","309.10","102.60M","0.26%"
"01/10/2023","309.57","308.69","312.00","308.24","111.37M","-0.04%"
"01/09/2023","309.69","305.10","309.81","304.57","121.18M","2.71%"
"01/06/2023","301.53","296.69","303.10","296.40","121.02M","1.23%"
"01/05/2023","297.87","297.65","299.69","296.01","137.29M","0.64%"
"01/04/2023","295.98","288.34","296.70","287.94","109.95M","2.21%"
"01/03/2023","289.58","290.64","290.95","284.32","106.62M","-0.07%"
"01/02/2023","289.79","292.90","294.02","289.19","92.54M","-0.45%"
"12/29/2022","291.10","294.98","295.94","291.10","114.47M","-2.02%"
"12/28/2022","297.09","299.36","299.36","296.59","137.29M","-2.34%"
"12/27/2022","304.22","303.77","305.02","302.83","122.97M","0.65%"
"12/26/2022","302.27","301.76","302.97","300.66","78.88M","0.07%"
"12/23/2022","302.07","303.14","304.42","301.47","94.83M","-1.76%"
"12/22/2022","307.48","304.66","307.48","303.96","233.31M","1.40%"
"12/21/2022","303.23","305.84","305.99","302.92","76.96M","-0.27%"
"12/20/2022","304.05","305.65","306.58","302.96","88.75M","-0.89%"
"12/19/2022","306.77","306.33","307.99","305.19","77.96M","-0.23%"
"12/16/2022","307.48","303.48","307.48","303.09","114.65M","-0.08%"
"12/15/2022","307.73","310.73","311.98","307.73","95.26M","-1.76%"
"12/14/2022","313.23","310.87","313.41","310.57","83.85M","1.19%"
"12/13/2022","309.56","311.26","311.85","308.54","101.88M","-0.03%"
"12/12/2022","309.64","309.38","310.69","308.70","85.71M","-0.64%"
"12/09/2022","311.63","309.81","312.06","308.76","113.45M","1.10%"
"12/08/2022","308.24","308.78","309.00","306.01","121.10M","-0.01%"
"12/07/2022","308.27","309.11","310.25","308.08","92.85M","-0.60%"
"12/06/2022","310.14","310.90","313.34","309.70","100.04M","-1.20%"
"12/05/2022","313.91","316.26","317.07","312.92","113.97M","-0.35%"
"12/02/2022","315.02","320.76","320.76","315.02","114.75M","-2.17%"
"12/01/2022","322.02","325.37","325.49","321.44","130.32M","0.32%"
"11/30/2022","321.00","314.35","321.01","314.20","189.08M","1.72%"
"11/29/2022","315.58","311.79","315.74","311.07","94.42M","1.08%"
"11/28/2022","312.21","313.89","313.89","311.28","96.04M","-1.22%"
"11/25/2022","316.07","317.28","318.10","315.76","102.91M","-0.39%"
"11/24/2022","317.30","316.60","317.33","315.27","99.54M","1.02%"
"11/23/2022","314.11","314.84","315.24","312.65","148.27M","0.67%"
"11/22/2022","312.02","312.88","315.09","311.69","115.97M","-0.84%"
"11/21/2022","314.67","317.22","317.65","312.99","123.42M","-0.77%"
"11/18/2022","317.12","317.63","320.70","316.70","136.52M","0.12%"
"11/17/2022","316.75","319.98","320.35","316.75","157.36M","-1.62%"
"11/16/2022","321.96","322.98","322.98","318.02","177.08M","-0.11%"
"11/15/2022","322.31","322.76","323.03","319.96","144.81M","0.24%"
"11/14/2022","321.53","323.41","324.73","320.86","267.59M","-0.48%"
"11/11/2022","323.09","320.47","323.51","319.97","236.34M","3.84%"
"11/10/2022","311.13","312.63","314.91","311.13","149.97M","-1.30%"
"11/09/2022","315.23","313.40","316.09","312.54","162.13M","1.03%"
"11/08/2022","312.01","310.08","312.57","309.21","142.95M","1.34%"
"11/07/2022","307.87","306.08","308.15","305.05","148.87M","1.16%"
"11/04/2022","304.33","301.16","304.33","299.46","182.72M","0.89%"
"11/03/2022","301.66","298.55","303.80","297.62","179.82M","-0.73%"
"11/02/2022","303.87","302.49","305.10","302.02","192.34M","0.00%"
"11/01/2022","303.88","300.53","304.01","299.84","272.49M","1.44%"
"10/31/2022","299.58","298.61","300.05","296.45","121.05M","1.53%"
"10/28/2022","295.06","296.80","298.45","294.65","131.08M","-1.26%"
"10/27/2022","298.82","295.85","299.19","295.01","176.20M","1.69%"
"10/26/2022","293.85","292.21","295.28","291.40","122.30M","0.78%"
"10/25/2022","291.58","291.29","293.75","290.53","116.35M","0.04%"
"10/24/2022","291.47","293.60","294.24","290.52","116.18M","1.00%"
"10/21/2022","288.57","287.68","290.38","287.44","102.37M","-0.01%"
"10/20/2022","288.61","289.33","290.07","286.50","136.90M","-0.92%"
"10/19/2022","291.29","293.41","295.34","290.90","110.85M","-0.78%"
"10/18/2022","293.59","293.34","293.78","289.77","117.12M","1.39%"
"10/17/2022","289.57","285.89","290.04","284.91","111.60M","0.07%"
"10/14/2022","289.36","287.59","290.32","286.59","132.07M","2.40%"
"10/13/2022","282.57","286.27","286.36","282.57","133.29M","-1.57%"
"10/12/2022","287.09","285.23","287.52","284.32","120.86M","0.75%"
"10/11/2022","284.96","284.39","284.96","282.04","127.82M","-1.88%"
"10/07/2022","290.41","288.35","292.20","287.84","128.16M","-0.29%"
"10/06/2022","291.26","291.20","293.32","290.09","93.86M","0.76%"
"10/05/2022","289.05","293.87","294.47","287.44","138.91M","0.27%"
"10/04/2022","288.27","286.25","288.96","285.42","120.02M","2.46%"
"09/30/2022","281.36","281.75","284.35","278.39","143.74M","-0.46%"
"09/29/2022","282.65","286.60","287.81","282.56","128.43M","-0.19%"
"09/28/2022","283.19","287.66","289.75","280.80","160.84M","-2.42%"
"09/27/2022","290.20","290.27","290.75","286.76","152.31M","0.15%"
"09/26/2022","289.77","293.65","293.96","289.01","177.69M","-2.68%"
"09/23/2022","297.74","301.48","302.09","296.85","114.63M","-1.30%"
"09/22/2022","301.65","300.67","302.19","299.30","114.96M","-0.99%"
"09/21/2022","304.67","305.09","306.07","303.77","104.49M","-0.93%"
"09/20/2022","307.54","308.76","309.98","306.79","96.96M","0.34%"
"09/19/2022","306.49","309.58","309.89","305.68","101.19M","-0.71%"
"09/16/2022","308.69","308.58","309.54","307.03","135.94M","-0.62%"
"09/15/2022","310.63","313.15","313.84","310.63","111.22M","-0.67%"
"09/14/2022","312.74","310.08","313.94","309.06","118.21M","-1.83%"
"09/13/2022","318.56","313.93","319.37","313.93","150.59M","3.05%"
"09/08/2022","309.12","310.23","310.51","308.26","149.12M","0.31%"
"09/07/2022","308.16","310.86","311.10","306.69","146.29M","-1.55%"
"09/06/2022","313.01","313.36","314.97","311.69","91.54M","0.17%"
"09/05/2022","312.47","313.09","315.22","310.91","112.44M","-0.14%"
"09/02/2022","312.92","316.46","316.74","312.18","133.78M","-0.67%"
"09/01/2022","315.02","318.74","318.76","315.02","183.42M","-2.46%"
"08/31/2022","322.96","316.96","323.37","316.26","228.42M","1.09%"
"08/30/2022","319.49","317.97","320.00","316.94","133.48M","0.99%"
"08/29/2022","316.35","317.45","317.47","315.48","203.73M","-2.33%"
"08/26/2022","323.91","325.36","326.59","323.30","188.82M","0.09%"
"08/25/2022","323.63","321.58","323.63","320.81","130.66M","1.18%"
"08/24/2022","319.86","320.15","320.99","318.16","156.50M","0.37%"
"08/23/2022","318.69","320.85","321.50","318.26","118.04M","-1.26%"
"08/22/2022","322.77","323.29","324.42","321.83","93.52M","-1.23%"
"08/19/2022","326.79","329.06","329.08","326.34","125.26M","-0.61%"
"08/18/2022","328.80","327.47","329.94","326.06","101.50M","-0.34%"
"08/17/2022","329.91","332.11","333.24","329.30","105.79M","-0.56%"
"08/16/2022","331.78","332.68","333.47","331.08","131.43M","0.34%"
"08/12/2022","330.67","329.23","331.12","329.07","138.07M","0.23%"
"08/11/2022","329.92","328.20","329.92","327.74","140.04M","1.72%"
"08/10/2022","324.35","326.30","326.43","323.86","134.97M","-1.15%"
"08/09/2022","328.11","327.21","328.62","325.28","121.62M","0.27%"
"08/08/2022","327.23","326.05","327.45","325.21","113.67M","-0.08%"
"08/05/2022","327.50","326.71","328.47","326.36","119.89M","0.62%"
"08/04/2022","325.47","326.11","326.40","324.38","110.17M","0.52%"
"08/03/2022","323.80","321.48","323.80","320.25","93.90M","0.67%"
"08/02/2022","321.64","322.64","322.85","320.21","113.13M","-0.41%"
"08/01/2022","322.97","322.14","324.31","320.86","111.15M","-0.11%"
"07/29/2022","323.31","324.38","325.83","321.95","163.69M","0.53%"
"07/28/2022","321.62","322.89","323.73","320.76","131.10M","0.59%"
"07/27/2022","319.74","319.83","320.04","317.30","88.69M","0.04%"
"07/26/2022","319.61","317.39","319.91","317.03","87.53M","0.40%"
"07/25/2022","318.34","316.40","320.07","316.20","94.02M","0.32%"
"07/22/2022","317.33","319.12","320.94","317.00","120.59M","-0.74%"
"07/21/2022","319.68","316.22","320.14","316.22","91.22M","1.16%"
"07/20/2022","316.02","319.15","319.68","315.48","113.81M","0.68%"
"07/19/2022","313.90","313.38","314.06","311.81","95.26M","-0.31%"
"07/18/2022","314.87","311.06","315.17","310.60","113.85M","2.26%"
"07/15/2022","307.91","307.45","308.14","302.10","125.25M","0.84%"
"07/14/2022","305.35","304.70","307.93","303.65","115.97M","-0.40%"
"07/13/2022","306.59","306.24","308.62","304.99","110.89M","0.51%"
"07/12/2022","305.03","306.94","307.56","303.32","107.07M","-1.06%"
"07/11/2022","308.29","311.05","311.86","307.97","94.92M","-0.60%"
"07/08/2022","310.15","310.73","313.01","310.02","108.52M","0.60%"
"07/07/2022","308.31","304.30","310.07","304.20","126.31M","1.99%"
"07/06/2022","302.28","307.14","307.90","302.06","156.26M","-2.18%"
"07/05/2022","309.03","307.15","309.99","305.35","110.06M","1.65%"
"07/04/2022","304.01","304.46","305.82","300.82","128.36M","0.00%"
"07/01/2022","304.02","308.72","310.55","301.95","136.34M","-1.04%"
"06/30/2022","307.20","311.20","311.63","307.20","143.73M","-1.81%"
"06/29/2022","312.86","314.33","315.16","312.52","132.70M","-1.96%"
"06/28/2022","319.11","316.65","319.11","315.19","117.27M","0.92%"
"06/27/2022","316.20","314.31","319.08","311.85","136.48M","1.32%"
"06/24/2022","312.07","307.47","313.42","306.27","137.83M","2.17%"
"06/23/2022","305.45","308.81","310.94","304.13","197.73M","-0.85%"
"06/22/2022","308.08","317.47","317.63","308.08","161.70M","-2.62%"
"06/21/2022","316.38","315.95","318.74","313.66","120.06M","0.62%"
"06/20/2022","314.44","321.46","321.62","311.71","151.13M","-1.77%"
"06/17/2022","320.09","316.36","320.71","314.79","197.27M","-0.67%"
"06/16/2022","322.25","326.72","328.84","321.54","138.75M","0.01%"
"06/15/2022","322.21","327.70","328.30","320.29","159.36M","-1.83%"
"06/14/2022","328.23","325.68","329.27","323.36","174.25M","-0.50%"
"06/13/2022","329.88","335.76","335.97","329.88","163.80M","-3.51%"
"06/10/2022","341.89","342.32","343.25","340.66","136.21M","-1.36%"
"06/09/2022","346.62","345.35","346.82","343.69","191.39M","0.12%"
"06/08/2022","346.22","346.46","348.11","345.56","123.30M","0.16%"
"06/07/2022","345.67","350.04","350.53","345.02","135.31M","-1.80%"
"06/03/2022","352.01","353.47","353.93","351.10","134.65M","0.43%"
"06/02/2022","350.51","352.29","352.81","349.55","196.09M","-1.14%"
"05/31/2022","354.54","351.79","354.72","350.01","266.68M","0.58%"
"05/30/2022","352.49","351.53","352.85","350.07","151.01M","1.28%"
"05/27/2022","348.04","348.42","349.11","347.15","133.07M","1.10%"
"05/26/2022","344.26","345.54","349.03","342.65","126.45M","-0.39%"
"05/25/2022","345.60","346.34","347.60","343.51","125.14M","0.44%"
"05/24/2022","344.08","349.02","349.79","344.08","151.00M","-1.79%"
"05/23/2022","350.34","351.16","351.41","348.48","183.16M","0.30%"
"05/20/2022","349.29","345.15","349.68","344.89","133.21M","1.76%"
"05/19/2022","343.24","341.07","344.10","340.55","196.53M","-1.46%"
"05/18/2022","348.34","349.62","351.20","347.15","166.29M","0.23%"
"05/17/2022","347.53","345.14","347.91","345.13","171.09M","1.04%"
"05/16/2022","343.94","348.13","348.88","343.52","231.88M","-0.45%"
"05/13/2022","345.50","340.49","345.82","339.72","187.36M","2.24%"
"05/12/2022","337.94","340.14","343.03","337.65","262.82M","-1.60%"
"05/11/2022","343.44","342.22","344.45","341.22","184.52M","-0.07%"
"05/10/2022","343.67","343.22","344.73","338.46","249.37M","-0.50%"
"05/09/2022","345.41","347.71","349.40","344.84","256.54M","-1.03%"
"05/06/2022","349.00","350.26","350.26","347.98","622.95M","-1.37%"
"05/04/2022","353.85","354.85","356.05","352.27","279.18M","0.15%"
"05/03/2022","353.32","354.28","356.45","353.12","132.70M","-0.20%"
"05/02/2022","354.02","351.31","354.53","350.94","131.47M","-0.30%"
"04/29/2022","355.08","350.43","355.34","349.73","182.27M","1.41%"
"04/28/2022","350.16","348.61","350.16","346.02","164.68M","1.14%"
"04/27/2022","346.21","346.42","346.78","343.76","146.76M","-1.27%"
"04/26/2022","350.67","351.33","352.20","350.38","122.92M","0.48%"
"04/25/2022","348.98","351.36","352.26","348.91","139.46M","-1.81%"
"04/22/2022","355.43","355.54","356.08","353.64","214.76M","-1.00%"
"04/21/2022","359.02","358.33","360.74","358.24","148.56M","0.42%"
"04/20/2022","357.52","357.14","358.28","354.93","148.87M","0.04%"
"04/19/2022","357.36","355.77","358.53","355.29","130.22M","1.05%"
"04/18/2022","353.63","352.19","354.87","351.46","111.00M","-0.06%"
"04/15/2022","353.84","354.35","355.10","352.63","142.64M","-0.99%"
"04/14/2022","357.38","359.23","359.29","356.17","159.16M","-0.45%"
"04/13/2022","359.00","353.83","359.43","353.30","177.43M","1.90%"
"04/12/2022","352.32","353.51","354.83","351.37","129.72M","-0.97%"
"04/11/2022","355.78","354.47","357.73","353.78","131.52M","-0.06%"
"04/08/2022","356.01","356.86","357.62","354.27","166.11M","0.08%"
"04/07/2022","355.73","358.43","358.92","355.37","193.94M","-1.46%"
"04/06/2022","361.01","362.04","362.96","360.52","176.51M","-1.02%"
"04/05/2022","364.74","366.08","366.67","363.67","244.23M","-0.05%"
"04/04/2022","364.94","361.85","365.08","360.69","171.55M","0.48%"
"04/01/2022","363.19","363.97","364.10","361.54","446.85M","-0.66%"
"03/31/2022","365.61","364.10","367.01","363.94","388.61M","0.30%"
"03/30/2022","364.50","366.15","366.76","363.68","139.98K","0.20%"
"03/29/2022","363.77","364.18","365.56","362.27","132.70M","0.47%"
"03/28/2022","362.06","360.63","363.25","358.70","136.54M","0.00%"
"03/25/2022","362.06","364.76","364.92","361.34","119.07M","-0.36%"
"03/24/2022","363.38","361.83","363.50","360.40","149.35M","-0.40%"
"03/23/2022","364.84","364.06","366.40","362.89","137.43M","0.88%"
"03/22/2022","361.66","358.76","362.11","358.61","120.70M","0.81%"
"03/21/2022","358.77","363.81","363.86","358.41","117.14M","-0.98%"
"03/18/2022","362.33","361.16","362.78","359.60","155.32M","0.24%"
"03/17/2022","361.46","362.39","364.18","361.36","172.54M","1.51%"
"03/16/2022","356.09","354.88","356.29","351.97","125.09M","1.44%"
"03/15/2022","351.03","352.34","353.90","350.38","149.11M","-1.01%"
"03/14/2022","354.61","354.72","356.48","352.82","163.91M","-0.20%"
"03/11/2022","355.31","355.95","356.85","353.26","182.55M","-0.75%"
"03/10/2022","358.01","354.33","358.27","354.33","212.65M","2.47%"
"03/08/2022","349.38","348.12","352.82","346.85","185.90M","-1.03%"
"03/07/2022","353.03","356.59","356.59","351.91","193.16M","-2.39%"
"03/04/2022","361.69","365.35","365.54","360.19","237.19M","-1.46%"
"03/03/2022","367.06","364.37","367.40","363.99","167.18M","1.79%"
"03/02/2022","360.59","361.52","362.81","359.89","170.94M","-0.26%"
"02/28/2022","361.54","356.59","361.54","355.77","237.32M","0.86%"
"02/25/2022","358.44","358.79","360.85","357.02","154.97M","0.96%"
"02/24/2022","355.04","360.05","360.77","354.01","167.28M","-2.58%"
"02/23/2022","364.44","366.25","366.58","362.39","139.93M","0.26%"
"02/22/2022","363.51","362.93","364.81","360.74","162.88M","-1.30%"
"02/21/2022","368.29","362.83","368.75","361.14","109.54M","-0.07%"
"02/18/2022","368.55","365.57","369.32","364.69","137.05M","-0.27%"
"02/17/2022","369.55","368.11","373.03","365.48","209.73M","0.61%"
"02/16/2022","367.30","365.96","367.66","364.64","108.44M","1.91%"
"02/15/2022","360.43","364.44","364.79","358.75","140.83M","-0.70%"
"02/14/2022","362.98","364.36","365.97","360.46","146.97M","-1.53%"
"02/11/2022","368.61","367.54","371.35","366.90","161.47M","-0.80%"
"02/10/2022","371.57","371.84","372.86","369.30","180.49M","0.79%"
"02/09/2022","368.65","367.02","368.65","365.79","117.91M","1.42%"
"02/08/2022","363.48","365.91","367.32","360.78","133.11M","0.15%"
"02/07/2022","362.92","365.40","365.40","359.59","135.53M","-0.93%"
"02/04/2022","366.34","363.10","366.79","361.84","109.79M","1.31%"
"02/03/2022","361.60","364.07","366.13","361.60","125.48M","1.01%"
"01/28/2022","357.98","350.29","358.84","347.28","146.98M","2.70%"
"01/27/2022","348.58","360.83","363.11","348.55","158.32M","-3.39%"
"01/26/2022","360.83","363.72","365.31","360.47","109.34M","-0.43%"
"01/25/2022","362.39","370.30","370.73","359.85","142.18M","-2.40%"
"01/24/2022","371.30","374.64","375.45","369.63","112.64M","-1.27%"
"01/21/2022","376.08","376.74","377.69","373.35","134.24M","-1.13%"
"01/20/2022","380.39","377.97","380.45","376.49","114.10M","0.58%"
"01/19/2022","378.21","377.75","381.91","376.74","126.17M","-0.73%"
"01/18/2022","381.01","385.07","385.63","379.79","127.94M","-0.73%"
"01/17/2022","383.81","387.00","387.33","381.56","135.82M","-0.94%"
"01/14/2022","387.45","389.66","390.81","386.25","146.05M","-1.41%"
"01/13/2022","393.00","395.68","395.93","392.52","151.71M","-0.42%"
"01/12/2022","394.66","392.29","394.87","391.96","210.10M","1.46%"
"01/11/2022","388.97","388.32","390.43","386.26","133.43M","0.37%"
"01/10/2022","387.52","389.68","390.24","384.79","139.10M","-0.85%"
"01/07/2022","390.85","388.30","391.75","388.06","114.28M","1.20%"
"01/06/2022","386.22","386.59","390.51","385.30","152.39M","-1.07%"
"01/05/2022","390.39","394.91","395.20","387.56","175.49M","-1.27%"
"01/04/2022","395.40","396.01","396.71","393.35","117.16M","-0.03%"
"01/03/2022","395.51","397.16","399.44","394.26","97.58M","0.33%"
"12/30/2021","394.19","397.13","398.59","393.89","103.89M","-0.64%"
"12/29/2021","396.72","398.74","399.16","395.85","169.05M","-1.12%"
"12/28/2021","401.21","399.56","401.21","397.24","169.71M","0.65%"
"12/27/2021","398.61","400.61","401.07","398.31","103.64M","-0.48%"
"12/24/2021","400.53","399.72","402.46","399.66","102.50M","0.60%"
"12/23/2021","398.15","397.98","398.36","395.71","105.28M","0.53%"
"12/22/2021","396.07","396.82","398.06","394.77","100.31M","0.54%"
"12/21/2021","393.95","394.35","395.28","391.19","106.00M","0.66%"
"12/20/2021","391.37","396.42","396.61","390.92","97.27M","-1.90%"
"12/17/2021","398.96","394.46","399.02","394.26","134.70M","0.32%"
"12/16/2021","397.68","398.93","399.68","395.19","94.13M","0.51%"
"12/15/2021","395.66","393.99","395.76","392.85","88.94M","0.06%"
"12/14/2021","395.41","394.54","397.02","393.50","116.50M","-0.47%"
"12/13/2021","397.27","399.38","403.37","396.83","113.33M","-0.18%"
"12/10/2021","397.97","398.21","399.12","396.58","92.72M","-0.79%"
"12/09/2021","401.13","398.19","401.13","396.93","159.05M","0.97%"
"12/08/2021","397.27","399.89","402.34","396.32","140.13M","0.24%"
"12/07/2021","396.31","392.88","396.46","391.29","157.04M","0.88%"
"12/06/2021","392.85","389.95","394.40","387.58","124.90M","0.23%"
"12/03/2021","391.96","388.21","393.30","386.42","127.84M","0.60%"
"12/02/2021","389.64","379.76","389.64","379.59","150.99M","1.70%"
"12/01/2021","383.13","376.45","384.05","373.61","167.60M","2.65%"
"11/30/2021","373.24","385.01","386.34","370.86","258.52M","-2.20%"
"11/29/2021","381.63","381.25","384.97","379.27","178.59M","-0.89%"
"11/26/2021","385.07","390.61","392.81","384.19","145.77M","-1.75%"
"11/25/2021","391.93","395.67","395.73","391.69","117.21M","-0.88%"
"11/24/2021","395.40","397.88","399.38","393.27","128.29M","-0.26%"
"11/23/2021","396.44","399.43","399.52","395.58","124.51M","-0.66%"
"11/22/2021","399.07","393.16","399.88","392.75","144.70M","2.19%"
"11/19/2021","390.53","387.97","391.24","387.31","130.76M","0.80%"
"11/18/2021","387.44","388.86","390.00","386.31","130.47M","-0.51%"
"11/17/2021","389.44","394.88","395.25","388.70","146.33M","-1.17%"
"11/16/2021","394.07","393.94","396.49","392.62","134.39M","-0.07%"
"11/15/2021","394.36","393.36","395.56","392.16","174.94M","1.02%"
"11/12/2021","390.38","389.13","391.77","387.46","166.34M","1.14%"
"11/11/2021","385.97","383.84","386.03","382.57","212.91M","-0.07%"
"11/10/2021","386.24","388.37","390.36","385.57","117.56M","-1.06%"
"11/09/2021","390.36","389.17","393.13","388.25","127.59M","0.20%"
"11/08/2021","389.59","390.10","390.71","385.50","126.07M","-0.07%"
"11/05/2021","389.86","394.65","394.81","387.66","139.11M","-0.43%"
"11/04/2021","391.54","393.16","395.15","390.75","185.41M","0.53%"
"11/03/2021","389.48","395.73","395.85","388.52","137.22M","-1.35%"
"11/02/2021","394.82","392.18","398.10","392.18","126.75M","1.29%"
"11/01/2021","389.81","390.34","391.65","389.14","121.44M","0.34%"
"10/29/2021","388.47","396.08","396.92","387.82","146.47M","-1.38%"
"10/28/2021","393.89","394.87","397.79","393.89","180.65M","-0.40%"
"10/27/2021","395.48","398.31","398.82","394.41","193.85M","-0.90%"
"10/26/2021","399.07","397.75","399.67","396.28","135.40M","1.03%"
"10/25/2021","395.01","392.45","395.99","390.02","152.06M","0.42%"
"10/22/2021","393.34","392.82","394.91","391.54","108.30M","0.04%"
"10/21/2021","393.18","393.56","395.51","392.38","136.38M","-0.14%"
"10/20/2021","393.74","397.48","398.09","393.60","129.25M","-0.42%"
"10/19/2021","395.41","394.26","395.92","393.27","113.85M","0.86%"
"10/18/2021","392.02","393.39","394.16","389.74","126.68M","-0.30%"
"10/15/2021","393.19","392.94","394.58","391.36","170.78M","0.92%"
"10/14/2021","389.59","387.39","389.63","386.48","170.13M","1.43%"
"10/13/2021","384.10","380.12","385.72","379.31","154.27M","0.90%"
"10/12/2021","380.69","386.27","386.60","379.08","158.57M","-1.74%"
"10/08/2021","387.42","390.42","390.70","386.54","150.22M","-0.19%"
"10/07/2021","388.14","385.87","388.78","384.59","173.71M","1.63%"
"10/06/2021","381.93","391.01","392.37","381.93","229.53M","-1.57%"
"10/05/2021","388.01","391.95","392.02","384.92","202.46M","-1.72%"
"10/01/2021","394.79","399.53","400.52","394.14","155.62M","-1.62%"
"09/30/2021","401.30","399.41","402.90","397.98","182.82M","0.30%"
"09/29/2021","400.09","400.44","402.28","396.78","180.58M","-1.50%"
"09/28/2021","406.20","410.74","411.10","405.79","175.59M","-1.16%"
"09/27/2021","410.97","409.28","412.72","408.97","153.14M","0.28%"
"09/24/2021","409.84","412.01","412.80","409.09","153.82M","-0.15%"
"09/23/2021","410.46","409.04","410.92","407.39","164.54M","-0.13%"
"09/17/2021","410.99","408.90","411.36","407.07","165.79M","0.43%"
"09/16/2021","409.22","414.22","414.68","408.79","166.06M","-0.88%"
"09/15/2021","412.85","412.05","414.61","410.75","193.19M","0.12%"
"09/14/2021","412.36","411.06","414.85","410.98","179.78M","0.65%"
"09/13/2021","409.70","407.33","410.87","406.43","152.91M","0.24%"
"09/10/2021","408.70","407.99","409.78","405.99","145.03M","0.35%"
"09/09/2021","407.28","411.98","413.64","406.68","189.64M","-1.75%"
"09/08/2021","414.54","416.35","417.62","413.34","182.49M","-0.78%"
"09/07/2021","417.80","419.85","419.88","416.28","134.46M","-0.61%"
"09/06/2021","420.37","418.99","420.74","417.85","151.55M","0.27%"
"09/03/2021","419.22","417.67","419.78","416.40","147.69M","0.80%"
"09/02/2021","415.89","419.19","420.20","414.99","146.86M","-0.96%"
"09/01/2021","419.92","419.17","421.31","417.16","151.58M","0.03%"
"08/31/2021","419.79","411.69","419.90","409.67","170.99M","2.01%"
"08/30/2021","411.50","414.15","414.85","410.04","145.64M","0.31%"
"08/27/2021","410.24","408.63","411.79","406.81","132.45M","-0.03%"
"08/26/2021","410.38","414.49","415.74","409.79","174.28M","-0.86%"
"08/25/2021","413.95","414.01","416.03","410.63","176.20M","0.36%"
"08/24/2021","412.48","408.47","412.94","408.26","165.65M","1.95%"
"08/23/2021","404.58","404.32","407.82","401.63","166.04M","0.95%"
"08/20/2021","400.78","406.64","408.35","399.18","197.11M","-1.03%"
"08/19/2021","404.96","410.84","412.93","404.91","192.94M","-2.03%"
"08/18/2021","413.36","410.92","415.38","408.46","184.48M","0.50%"
"08/17/2021","411.31","415.50","417.23","410.31","207.92M","-1.14%"
"08/13/2021","416.06","421.38","422.04","413.64","221.07M","-1.50%"
"08/12/2021","422.38","423.17","425.53","421.42","251.30M","-0.56%"
"08/11/2021","424.74","427.16","428.88","424.30","170.67M","-0.89%"
"08/10/2021","428.56","433.01","433.11","427.28","174.09M","-0.72%"
"08/09/2021","431.65","431.57","433.16","430.05","140.99M","-0.38%"
"08/06/2021","433.29","434.85","436.61","432.27","143.72M","-0.33%"
"08/05/2021","434.74","436.46","437.85","434.24","267.97M","-0.30%"
"08/04/2021","436.05","431.60","436.71","430.16","166.74M","1.41%"
"08/03/2021","429.98","426.65","429.98","426.42","151.06M","0.75%"
"08/02/2021","426.79","426.29","426.85","422.86","117.34M","0.68%"
"07/30/2021","423.91","428.12","428.21","423.91","143.58M","-1.30%"
"07/29/2021","429.49","430.58","431.19","428.18","112.36M","0.08%"
"07/28/2021","429.15","427.30","429.71","425.34","132.99M","0.22%"
"07/27/2021","428.22","430.14","431.15","427.89","142.52M","0.18%"
"07/26/2021","427.47","433.14","433.28","427.46","146.23M","-0.95%"
"07/23/2021","431.55","431.75","433.23","430.27","173.07M","0.04%"
"07/22/2021","431.38","428.75","431.93","428.65","182.08M","1.26%"
"07/21/2021","426.00","430.99","431.29","425.82","212.12M","-0.60%"
"07/20/2021","428.55","427.14","428.78","425.99","163.96M","-0.31%"
"07/19/2021","429.89","432.25","432.25","428.94","152.02M","-1.13%"
"07/16/2021","434.82","436.24","436.24","432.85","149.48M","-0.44%"
"07/15/2021","436.76","434.24","436.85","433.12","152.54M","0.74%"
"07/14/2021","433.57","434.47","434.57","431.75","147.02M","-0.26%"
"07/13/2021","434.71","432.39","435.21","432.36","148.61M","0.80%"
"07/12/2021","431.28","429.33","432.02","429.30","134.96M","0.80%"
"07/09/2021","427.84","431.64","431.65","424.26","238.82M","-1.11%"
"07/08/2021","432.63","437.20","438.56","432.60","216.93M","-0.99%"
"07/07/2021","436.97","439.29","439.29","435.78","178.32M","-0.58%"
"07/06/2021","439.50","437.96","440.68","437.96","194.16M","0.42%"
"07/05/2021","437.66","436.53","438.92","436.53","180.18M","0.38%"
"07/02/2021","436.00","436.31","438.07","435.54","197.30M","-0.08%"
"07/01/2021","436.34","439.01","439.26","435.80","172.56M","-0.57%"
"06/30/2021","438.84","437.76","440.40","437.70","167.36M","0.30%"
"06/29/2021","437.54","440.48","440.60","436.17","231.75M","-0.55%"
"06/28/2021","439.98","440.78","441.54","438.55","237.76M","-0.10%"
"06/25/2021","440.40","438.76","442.31","438.75","367.17M","0.46%"
"06/24/2021","438.38","437.54","439.37","436.96","299.67M","0.38%"
"06/23/2021","436.73","434.65","437.37","434.62","372.08M","0.53%"
"06/22/2021","434.42","432.10","435.05","432.10","483.82M","0.69%"
"06/21/2021","431.46","434.57","434.57","429.52","242.43M","-0.82%"
"06/18/2021","435.02","434.82","436.69","434.39","230.15M","0.07%"
"06/17/2021","434.73","436.61","436.63","432.78","200.55M","-0.51%"
"06/16/2021","436.96","434.19","437.47","433.88","306.89M","0.65%"
"06/15/2021","434.13","433.41","434.99","432.48","336.10M","0.21%"
"06/14/2021","433.22","432.70","433.59","431.28","236.26M","0.10%"
"06/11/2021","432.78","429.61","433.42","429.61","328.90M","0.80%"
"06/10/2021","429.35","428.23","430.87","427.50","267.08M","0.28%"
"06/09/2021","428.16","432.35","432.53","428.16","248.52M","-1.09%"
"06/08/2021","432.88","433.21","435.02","431.71","323.68M","-0.09%"
"06/07/2021","433.26","432.82","435.77","430.76","337.93M","0.24%"
"06/04/2021","432.22","433.70","433.70","429.33","290.32M","-0.38%"
"06/03/2021","433.87","430.20","435.60","430.20","219.81M","0.86%"
"06/02/2021","430.15","430.60","433.06","429.14","292.52M","-0.04%"
"06/01/2021","430.32","428.08","432.18","426.94","225.69M","0.56%"
"05/31/2021","427.91","426.31","428.18","424.29","230.91M","0.46%"
"05/28/2021","425.95","423.88","427.51","423.58","203.18M","0.70%"
"05/27/2021","423.00","423.92","424.38","419.78","311.20M","-0.13%"
"05/26/2021","423.54","424.46","426.05","422.55","199.31M","-0.19%"
"05/25/2021","424.35","421.91","424.83","421.20","176.02M","0.90%"
"05/24/2021","420.57","421.92","423.09","419.38","177.69M","-0.36%"
"05/21/2021","422.08","423.12","427.75","420.70","196.32M","0.09%"
"05/20/2021","421.68","423.38","423.38","419.07","181.88M","-0.33%"
"05/18/2021","423.09","418.28","423.93","418.28","174.86M","1.15%"
"05/17/2021","418.27","421.97","423.19","416.08","207.00M","-0.45%"
"05/14/2021","420.17","417.50","421.75","417.50","199.29M","0.99%"
"05/13/2021","416.07","419.60","421.07","414.28","379.12M","-1.37%"
"05/12/2021","421.86","428.74","428.96","419.11","295.19M","-1.61%"
"05/11/2021","428.77","434.14","434.14","427.21","301.80M","-1.57%"
"05/10/2021","435.63","429.04","436.73","429.04","255.44M","1.65%"
"05/07/2021","428.56","426.51","429.94","426.00","229.12M","0.45%"
"05/06/2021","426.64","423.62","426.64","421.25","313.80M","0.72%"
"05/04/2021","423.57","420.99","423.57","418.53","208.97M","0.76%"
"05/03/2021","420.36","422.54","426.30","419.30","234.40M","-0.47%"
"04/30/2021","422.36","426.61","426.83","421.73","255.79M","-0.92%"
"04/29/2021","426.28","428.07","430.14","424.83","231.94M","-0.28%"
"04/28/2021","427.48","432.20","432.82","426.88","261.38M","-1.08%"
"04/27/2021","432.14","432.46","433.43","430.36","216.23M","-0.05%"
"04/26/2021","432.36","428.89","432.36","428.68","244.08M","0.94%"
"04/23/2021","428.34","426.68","428.87","422.92","215.68M","0.23%"
"04/22/2021","427.37","427.06","430.44","427.06","202.88M","0.15%"
"04/21/2021","426.75","433.40","433.47","425.93","187.76M","-1.81%"
"04/20/2021","434.60","431.90","434.70","431.38","185.75M","0.61%"
"04/19/2021","431.96","432.74","434.28","431.16","172.93M","-0.11%"
"04/16/2021","432.43","432.43","434.57","430.98","188.08M","-0.05%"
"04/15/2021","432.66","430.41","434.40","430.39","189.53M","0.45%"
"04/14/2021","430.71","429.14","431.65","428.04","154.42M","0.38%"
"04/13/2021","429.08","424.40","429.84","423.89","162.00M","1.15%"
"04/12/2021","424.22","424.73","426.62","423.10","134.97M","-0.02%"
"04/09/2021","424.30","427.26","428.65","423.33","166.99M","-0.60%"
"04/08/2021","426.86","426.73","427.32","424.36","221.93M","0.04%"
"04/07/2021","426.70","426.22","428.38","424.96","176.73M","0.19%"
"04/06/2021","425.88","425.18","427.68","423.35","162.96M","0.24%"
"04/05/2021","424.85","425.15","426.31","422.16","157.71M","0.26%"
"04/02/2021","423.74","422.19","425.13","422.02","163.07M","1.03%"
"04/01/2021","419.42","416.99","419.78","416.51","184.61M","1.06%"
"03/31/2021","415.04","417.12","420.18","415.04","225.86M","-0.38%"
"03/30/2021","416.61","412.32","417.44","412.32","207.51M","1.11%"
"03/29/2021","412.05","413.90","414.72","410.45","312.52M","-0.20%"
"03/26/2021","412.89","409.16","413.04","409.13","305.21M","1.07%"
"03/25/2021","408.53","407.03","411.27","405.59","180.93M","0.35%"
"03/24/2021","407.10","407.32","408.76","404.03","193.07M","-0.39%"
"03/23/2021","408.71","412.89","416.15","408.40","234.50M","-0.95%"
"03/22/2021","412.64","412.92","414.48","410.27","270.01M","-0.07%"
"03/19/2021","412.91","416.70","416.71","410.59","189.02M","-1.00%"
"03/18/2021","417.06","414.97","420.86","414.97","164.06M","0.74%"
"03/17/2021","414.01","417.35","417.67","411.32","132.77M","-0.79%"
"03/16/2021","417.31","414.82","418.06","414.11","155.16M","0.76%"
"03/15/2021","414.18","416.58","417.69","413.61","161.31M","-0.47%"
"03/12/2021","416.13","413.67","417.76","413.67","184.66M","1.24%"
"03/11/2021","411.02","404.36","413.24","404.36","231.92M","1.87%"
"03/10/2021","403.48","406.37","411.22","402.37","172.53M","-0.57%"
"03/09/2021","405.79","407.33","408.83","399.37","313.26M","-0.62%"
"03/08/2021","408.34","412.86","416.37","407.60","216.89M","-0.89%"
"03/05/2021","412.00","413.32","413.78","405.93","293.66M","-0.52%"
"03/04/2021","414.17","419.34","419.34","411.28","214.04M","-1.45%"
"03/03/2021","420.27","414.45","420.27","412.40","198.31M","1.32%"
"03/02/2021","414.80","411.00","422.41","411.00","229.89M","1.19%"
"02/26/2021","409.91","421.19","421.19","406.59","297.50M","-2.98%"
"02/25/2021","422.52","412.05","422.56","412.05","200.31M","3.77%"
"02/24/2021","407.16","415.78","420.05","406.86","252.63M","-2.08%"
"02/23/2021","415.82","415.07","419.58","410.84","228.35M","-0.25%"
"02/22/2021","416.88","421.96","425.90","416.80","272.97M","-0.96%"
"02/19/2021","420.94","417.98","421.36","411.58","246.86M","0.84%"
"02/18/2021","417.44","423.92","425.38","417.44","181.37M","-1.59%"
"02/17/2021","424.20","429.20","429.24","421.77","230.41M","-1.17%"
"02/16/2021","429.24","427.80","432.25","426.73","176.07M","0.52%"
"02/15/2021","427.01","420.85","428.64","420.60","191.24M","1.75%"
"02/10/2021","419.65","418.40","421.48","414.77","184.76M","0.42%"
"02/09/2021","417.91","420.71","424.94","417.87","201.53M","-0.25%"
"02/08/2021","418.95","422.30","424.62","418.37","229.54M","-1.03%"
"02/05/2021","423.30","419.84","424.20","417.85","221.56M","1.19%"
"02/04/2021","418.31","425.92","426.23","415.58","263.57M","-1.62%"
"02/03/2021","425.21","422.69","427.51","419.75","248.28M","0.99%"
"02/02/2021","421.03","416.77","427.63","416.77","219.04M","1.34%"
"02/01/2021","415.45","404.71","415.53","400.59","235.01M","2.69%"
"01/29/2021","404.56","417.92","421.05","402.94","305.30M","-2.84%"
"01/28/2021","416.40","422.92","422.92","413.34","242.94M","-1.72%"
"01/27/2021","423.67","427.11","432.62","423.23","205.61M","-0.72%"
"01/26/2021","426.73","436.27","437.19","425.64","236.60M","-2.42%"
"01/25/2021","437.30","427.64","437.96","427.17","231.21M","2.38%"
"01/22/2021","427.13","430.73","433.84","427.13","269.26M","-0.73%"
"01/21/2021","430.27","425.29","431.05","424.64","302.48M","1.48%"
"01/20/2021","424.01","425.17","429.39","419.27","259.50M","0.63%"
"01/19/2021","421.35","410.21","423.82","409.67","259.93M","2.64%"
"01/18/2021","410.50","419.70","419.70","408.69","289.24M","-2.36%"
"01/15/2021","420.43","430.37","436.35","420.33","279.52M","-2.19%"
"01/14/2021","429.85","430.43","431.54","427.13","284.70M","-0.12%"
"01/13/2021","430.38","427.98","433.27","424.97","303.67M","0.59%"
"01/12/2021","427.87","430.80","432.04","416.29","362.36M","-0.76%"
"01/11/2021","431.13","431.69","449.04","424.16","545.78M","0.21%"
"01/08/2021","430.22","412.06","431.99","412.06","499.11M","4.72%"
"01/07/2021","410.81","404.00","414.65","403.99","460.33M","2.17%"
"01/06/2021","402.08","406.33","411.21","401.06","429.08M","-0.97%"
"01/05/2021","406.03","399.79","406.03","396.43","470.87M","1.54%"
"01/04/2021","399.88","389.50","400.78","388.88","361.89M","2.72%"
"12/30/2020","389.29","381.21","390.04","379.14","236.86M","2.10%"
"12/29/2020","381.27","380.34","382.31","377.04","234.72M","0.35%"
"12/28/2020","379.93","381.51","383.84","378.44","304.33M","0.20%"
"12/24/2020","379.18","371.67","380.29","371.67","314.37M","2.12%"
"12/23/2020","371.32","367.02","371.93","364.72","296.02M","1.33%"
"12/22/2020","366.43","371.08","371.91","366.43","291.11M","-1.54%"
"12/21/2020","372.18","371.51","372.44","368.05","252.57M","0.17%"
"12/18/2020","371.55","372.02","373.37","370.50","307.53M","-0.12%"
"12/17/2020","372.00","372.12","372.60","368.07","244.58M","-0.14%"
"12/16/2020","372.53","371.86","374.53","371.03","188.95M","0.44%"
"12/15/2020","370.88","371.75","372.64","367.70","243.33M","-0.18%"
"12/14/2020","371.56","372.14","374.72","370.50","284.47M","-0.18%"
"12/11/2020","372.24","370.45","374.30","370.39","331.02M","0.78%"
"12/10/2020","369.37","370.74","372.68","365.76","344.58M","-0.57%"
"12/09/2020","371.47","363.77","371.64","363.77","191.95M","2.21%"
"12/08/2020","363.45","369.73","370.11","363.41","192.37M","-1.73%"
"12/07/2020","369.86","368.59","371.51","365.32","221.80M","0.61%"
"12/04/2020","367.63","363.28","369.67","363.23","281.11M","1.65%"
"12/03/2020","361.66","360.36","361.66","358.45","206.86M","0.84%"
"12/02/2020","358.66","354.33","359.15","354.00","220.90M","1.78%"
"12/01/2020","352.40","349.37","353.26","349.07","260.00M","1.83%"
"11/30/2020","346.05","354.70","354.78","346.05","339.06M","-1.89%"
"11/27/2020","352.73","351.83","353.19","350.63","178.42M","0.17%"
"11/26/2020","352.12","348.66","352.12","346.77","182.18M","1.10%"
"11/25/2020","348.30","353.05","353.96","346.17","333.14M","-0.57%"
"11/24/2020","350.28","350.30","352.55","348.61","295.44M","0.52%"
"11/23/2020","348.46","341.51","348.94","340.60","380.84M","2.30%"
"11/20/2020","340.62","339.48","341.71","338.59","179.11M","0.14%"
"11/19/2020","340.16","338.56","340.42","337.51","215.10M","0.06%"
"11/18/2020","339.96","341.07","341.81","338.64","231.64M","0.03%"
"11/17/2020","339.85","340.84","342.57","339.06","403.20M","-0.23%"
"11/16/2020","340.63","335.20","341.15","335.20","465.75M","2.28%"
"11/13/2020","333.03","329.09","333.15","328.25","291.36M","1.00%"
"11/12/2020","329.72","330.57","331.58","328.46","342.30M","-0.42%"
"11/11/2020","331.12","327.04","331.46","327.01","323.23M","1.53%"
"11/10/2020","326.13","326.33","327.00","323.79","331.19M","0.09%"
"11/09/2020","325.83","325.25","328.02","324.51","276.82M","1.16%"
"11/06/2020","322.10","322.72","324.28","320.61","143.96M","0.18%"
"11/05/2020","321.51","315.74","321.51","315.27","186.09M","2.45%"
"11/04/2020","313.83","314.31","315.62","311.37","212.32M","0.56%"
"11/03/2020","312.07","308.14","312.35","308.01","129.00M","2.00%"
"11/02/2020","305.95","302.67","306.43","301.37","111.03M","1.44%"
"10/30/2020","301.60","308.91","309.08","301.58","178.91M","-2.69%"
"10/29/2020","309.94","308.99","310.56","306.63","139.04M","-1.03%"
"10/28/2020","313.17","310.66","313.30","309.44","120.21M","0.44%"
"10/27/2020","311.80","311.50","313.93","310.55","162.32M","-0.55%"
"10/26/2020","313.53","315.63","316.78","313.33","170.88M","-0.40%"
"10/23/2020","314.79","314.98","315.83","312.31","198.02M","0.33%"
"10/22/2020","313.77","313.62","314.29","311.55","140.73M","-0.63%"
"10/21/2020","315.76","315.34","316.61","314.16","136.81M","0.33%"
"10/20/2020","314.71","311.02","314.91","309.95","135.68M","0.68%"
"10/19/2020","312.59","313.43","314.94","312.19","138.22M","0.24%"
"10/16/2020","311.83","314.41","315.47","309.67","126.44M","-0.67%"
"10/15/2020","313.92","315.76","315.89","312.40","124.41M","-0.84%"
"10/14/2020","316.57","319.60","319.88","315.71","129.34M","-0.94%"
"10/13/2020","319.58","321.04","321.45","316.98","126.74M","0.13%"
"10/12/2020","319.15","318.99","320.01","317.67","140.94M","0.53%"
"10/08/2020","317.47","320.31","320.38","316.60","168.69M","0.04%"
"10/07/2020","317.35","312.34","317.44","311.82","124.43M","0.92%"
"10/06/2020","314.45","315.13","316.48","313.03","139.89M","0.30%"
"10/05/2020","313.51","309.65","314.66","309.09","157.99M","1.32%"
"09/29/2020","309.44","310.01","311.34","308.52","138.82M","0.78%"
"09/28/2020","307.03","306.49","308.34","304.64","173.18M","1.14%"
"09/25/2020","303.57","305.38","305.55","301.93","156.86M","0.36%"
"09/24/2020","302.48","304.85","306.98","301.95","181.25M","-2.31%"
"09/23/2020","309.64","311.50","311.76","303.29","208.05M","0.27%"
"09/22/2020","308.82","315.53","316.02","307.40","304.36M","-2.24%"
"09/21/2020","315.89","318.13","320.86","314.78","165.86M","-0.79%"
"09/18/2020","318.39","319.20","319.81","316.62","153.54M","0.12%"
"09/17/2020","318.00","321.30","322.23","316.92","178.30M","-1.34%"
"09/16/2020","322.31","323.14","324.19","321.52","146.88M","-0.32%"
"09/15/2020","323.36","321.82","323.57","320.54","152.45M","0.74%"
"09/14/2020","320.98","319.83","321.22","318.54","176.78M","1.43%"
"09/11/2020","316.45","315.64","316.77","313.20","165.16M","-0.03%"
"09/10/2020","316.53","317.92","318.38","315.46","234.27M","0.88%"
"09/09/2020","313.77","313.54","315.90","312.90","198.50M","-1.14%"
"09/08/2020","317.38","316.31","317.43","314.56","227.27M","1.18%"
"09/07/2020","313.67","312.08","314.44","310.93","264.67M","0.53%"
"09/04/2020","312.03","308.25","312.64","308.04","408.03M","-1.39%"
"09/03/2020","316.43","314.73","317.46","314.45","342.18M","1.58%"
"09/02/2020","311.50","311.69","312.92","308.52","337.04M","0.55%"
"09/01/2020","309.81","309.08","311.15","307.63","342.81M","0.87%"
"08/31/2020","307.14","315.46","316.11","307.12","312.18M","-1.63%"
"08/28/2020","312.24","313.86","315.95","311.06","256.41M","0.28%"
"08/27/2020","311.38","314.46","315.17","311.37","175.57M","-0.89%"
"08/26/2020","314.19","313.61","315.08","309.74","193.54M","0.19%"
"08/25/2020","313.59","312.45","314.14","310.57","197.82M","1.38%"
"08/24/2020","309.33","306.86","310.27","303.39","142.21M","1.04%"
"08/21/2020","306.16","306.17","309.88","303.15","166.30M","1.52%"
"08/20/2020","301.59","310.45","312.77","301.15","249.74M","-3.81%"
"08/19/2020","313.54","315.96","316.82","313.18","159.93M","0.22%"
"08/18/2020","312.84","319.57","321.69","311.20","247.52M","-2.00%"
"08/14/2020","319.24","321.59","322.66","316.28","260.40M","-1.26%"
"08/13/2020","323.33","325.84","326.22","319.66","285.74M","0.20%"
"08/12/2020","322.68","320.31","322.68","317.30","293.14M","0.52%"
"08/11/2020","321.02","317.63","322.64","317.56","297.60M","1.34%"
"08/10/2020","316.77","312.75","317.84","312.08","261.18M","1.34%"
"08/07/2020","312.57","311.99","314.11","310.00","299.12M","0.40%"
"08/06/2020","311.32","307.88","312.84","307.88","254.20M","1.53%"
"08/05/2020","306.64","303.94","306.67","302.91","210.81M","1.19%"
"08/04/2020","303.04","302.50","304.27","301.48","219.87M","1.20%"
"08/03/2020","299.46","299.57","300.33","297.57","179.73M","0.05%"
"07/31/2020","299.32","303.69","304.16","298.89","201.96M","-0.84%"
"07/30/2020","301.85","303.13","304.13","301.49","191.76M","0.20%"
"07/29/2020","301.25","300.57","303.51","299.61","264.44M","0.37%"
"07/28/2020","300.13","296.53","301.34","296.38","301.28M","2.26%"
"07/27/2020","293.51","291.03","295.26","290.82","193.24M","0.98%"
"07/24/2020","290.66","289.84","292.74","289.42","216.21M","-0.58%"
"07/23/2020","292.37","293.62","293.62","290.49","250.98M","-0.57%"
"07/22/2020","294.04","294.71","296.14","293.39","327.32M","-0.38%"
"07/21/2020","295.16","294.03","296.11","293.20","366.99M","1.50%"
"07/20/2020","290.81","292.76","292.76","289.01","161.82M","-0.26%"
"07/17/2020","291.57","289.90","292.10","289.90","118.64M","0.80%"
"07/16/2020","289.25","292.34","292.74","288.46","129.45M","-1.03%"
"07/15/2020","292.27","292.94","294.42","290.89","168.35M","0.91%"
"07/14/2020","289.63","288.42","289.63","286.89","126.30M","-0.07%"
"07/13/2020","289.84","287.92","290.49","286.86","127.05M","1.68%"
"07/10/2020","285.06","287.87","288.09","283.51","136.77M","-0.76%"
"07/09/2020","287.25","287.80","289.41","287.08","140.61M","0.45%"
"07/08/2020","285.97","287.20","288.41","285.18","119.45M","-0.28%"
"07/07/2020","286.77","292.74","292.98","286.76","156.13M","-1.32%"
"07/06/2020","290.62","286.84","291.14","286.31","128.12M","1.65%"
"07/03/2020","285.89","285.59","286.09","283.36","100.22M","0.72%"
"07/02/2020","283.86","281.30","283.89","280.71","111.37M","1.28%"
"07/01/2020","280.26","283.10","283.84","279.44","133.80M","0.06%"
"06/30/2020","280.09","282.55","283.98","280.09","179.50M","0.74%"
"06/29/2020","278.04","279.36","281.77","277.06","137.76M","-1.88%"
"06/26/2020","283.38","283.36","284.58","280.65","169.01M","1.30%"
"06/25/2020","279.73","282.38","284.36","279.73","152.98M","-2.43%"
"06/24/2020","286.70","283.71","288.30","283.30","200.57M","1.69%"
"06/23/2020","281.94","284.64","286.04","279.26","163.68M","0.18%"
"06/22/2020","281.42","281.01","283.71","280.34","139.84M","-0.69%"
"06/19/2020","283.37","284.56","284.70","278.53","189.13M","0.52%"
"06/18/2020","281.91","281.74","283.39","280.02","181.59M","-0.39%"
"06/17/2020","283.02","282.08","284.90","278.33","337.22M","0.15%"
"06/16/2020","282.59","275.89","282.59","274.00","247.89M","5.46%"
"06/15/2020","267.95","278.61","280.87","267.95","262.44M","-4.91%"
"06/12/2020","281.78","276.97","282.54","276.05","232.83M","-2.37%"
"06/11/2020","288.62","289.98","292.08","284.29","275.90M","-1.12%"
"06/10/2020","291.90","291.03","292.92","289.60","229.07M","0.20%"
"06/09/2020","291.32","293.96","294.87","287.83","268.57M","0.19%"
"06/08/2020","290.77","295.41","295.68","289.71","286.66M","0.05%"
"06/05/2020","290.62","286.30","291.50","284.50","282.06M","1.46%"
"06/04/2020","286.45","291.17","292.90","284.93","364.58M","0.19%"
"06/03/2020","285.91","279.14","287.49","278.98","476.50M","3.56%"
"06/02/2020","276.08","272.65","276.47","272.22","251.03M","1.06%"
"06/01/2020","273.19","269.29","273.39","268.93","171.51M","1.81%"
"05/29/2020","268.32","266.62","269.61","265.23","269.47M","0.01%"
"05/28/2020","268.29","270.17","271.44","264.85","248.93M","0.24%"
"05/27/2020","267.64","266.71","269.17","265.86","247.18M","0.12%"
"05/26/2020","267.31","263.48","267.31","262.95","175.42M","1.73%"
"05/25/2020","262.76","260.95","262.82","259.16","125.43M","1.21%"
"05/22/2020","259.62","263.82","264.07","258.34","166.03M","-1.56%"
"05/21/2020","263.74","264.52","264.85","263.07","159.48M","0.39%"
"05/20/2020","262.72","260.48","263.25","260.48","140.30M","0.36%"
"05/19/2020","261.79","261.12","262.34","259.96","253.33M","2.49%"
"05/18/2020","255.44","254.55","256.31","252.95","223.00M","0.65%"
"05/15/2020","253.79","255.34","255.49","252.02","228.90M","0.06%"
"05/14/2020","253.65","253.26","254.39","252.09","167.64M","-0.86%"
"05/13/2020","255.85","250.03","255.85","249.95","141.25M","0.98%"
"05/12/2020","253.37","255.33","255.56","250.98","166.80M","-0.62%"
"05/11/2020","254.95","257.67","258.87","254.59","144.30M","-0.65%"
"05/08/2020","256.62","256.66","258.29","256.23","125.22M","0.85%"
"05/07/2020","254.46","253.88","256.14","253.37","114.36M","-0.21%"
"05/06/2020","255.00","253.76","255.01","251.26","133.28M","1.76%"
"05/04/2020","250.60","252.44","253.70","250.34","174.04M","-2.92%"
"04/29/2020","258.15","256.58","259.67","256.04","184.48M","0.69%"
"04/28/2020","256.39","255.91","257.34","253.22","172.42M","0.61%"
"04/27/2020","254.84","251.18","255.79","250.61","151.36M","1.82%"
"04/24/2020","250.28","252.47","252.86","249.19","154.31M","-1.36%"
"04/23/2020","253.74","253.42","255.22","251.58","163.81M","0.74%"
"04/22/2020","251.88","246.16","252.18","244.56","184.50M","0.99%"
"04/21/2020","249.40","250.26","251.88","245.11","257.16M","-1.09%"
"04/20/2020","252.14","253.85","255.93","251.46","211.00M","-1.13%"
"04/17/2020","255.02","252.52","257.37","252.38","287.36M","3.21%"
"04/16/2020","247.10","244.99","247.87","243.61","197.54M","-0.14%"
"04/14/2020","247.45","246.20","248.55","244.58","193.12M","1.66%"
"04/13/2020","243.40","246.59","246.90","243.39","195.90M","-1.85%"
"04/10/2020","248.00","245.14","248.21","244.02","286.11M","0.97%"
"04/09/2020","245.61","246.13","246.46","243.11","175.94M","1.54%"
"04/08/2020","241.89","243.71","246.99","241.77","173.12M","-1.22%"
"04/07/2020","244.87","245.65","247.39","240.68","224.45M","1.69%"
"04/06/2020","240.81","234.40","241.19","233.75","190.74M","3.93%"
"04/03/2020","231.70","232.48","234.45","229.23","181.04M","-0.06%"
"04/02/2020","231.84","227.47","232.22","223.60","181.79M","2.43%"
"04/01/2020","226.35","234.23","237.52","226.34","228.58M","-4.42%"
"03/31/2020","236.82","235.20","237.47","232.50","240.44M","1.88%"
"03/30/2020","232.45","227.05","234.70","225.09","167.23M","-0.57%"
"03/27/2020","233.79","239.11","239.48","227.01","249.10M","1.94%"
"03/26/2020","229.34","231.91","236.61","229.22","290.84M","-1.52%"
"03/25/2020","232.89","228.37","233.42","224.74","306.11M","5.70%"
"03/24/2020","220.34","207.65","220.34","205.41","225.73M","9.15%"
"03/23/2020","201.87","200.80","206.66","198.67","210.30M","-5.52%"
"03/20/2020","213.67","204.84","214.08","200.54","269.35M","7.22%"
"03/19/2020","199.28","220.72","220.85","196.27","303.56M","-7.67%"
"03/18/2020","215.83","228.63","230.04","215.81","208.04M","-4.87%"
"03/17/2020","226.89","222.94","234.56","222.46","216.73M","-2.61%"
"03/16/2020","232.97","245.21","245.21","232.76","175.05M","-3.19%"
"03/13/2020","240.65","231.71","246.19","227.36","298.90M","-2.81%"
"03/12/2020","247.62","253.93","255.49","243.76","242.47M","-3.65%"
"03/11/2020","257.01","264.63","265.04","255.69","194.21M","-2.89%"
"03/10/2020","264.67","261.94","265.57","260.75","173.09M","0.59%"
"03/09/2020","263.11","266.39","267.75","261.76","182.67M","-4.36%"
"03/06/2020","275.10","276.74","278.31","274.00","140.90M","-2.23%"
"03/05/2020","281.38","280.66","282.05","277.91","147.44M","1.17%"
"03/04/2020","278.13","270.13","278.90","270.13","208.46M","2.42%"
"03/03/2020","271.56","277.44","277.54","270.79","146.72M","0.44%"
"03/02/2020","270.37","269.59","272.60","265.70","163.72M","0.88%"
"02/28/2020","268.02","272.33","273.98","267.23","202.61M","-3.27%"
"02/27/2020","277.09","279.46","281.09","276.07","110.50M","-1.02%"
"02/26/2020","279.94","278.45","281.98","277.68","119.55M","-1.51%"
"02/25/2020","284.24","280.48","284.63","279.77","117.03M","1.15%"
"02/24/2020","281.02","285.51","286.62","281.02","132.82M","-3.90%"
"02/21/2020","292.42","292.16","295.24","291.96","100.71M","-1.43%"
"02/20/2020","296.65","300.34","301.35","295.01","90.01M","-0.56%"
"02/19/2020","298.33","299.68","300.38","295.53","84.26M","0.20%"
"02/18/2020","297.74","300.26","301.29","297.20","84.75M","-1.66%"
"02/17/2020","302.76","302.84","304.05","300.99","84.28M","-0.08%"
"02/14/2020","303.01","300.95","304.20","299.18","80.53M","0.69%"
"02/13/2020","300.93","302.79","304.43","300.48","115.07M","-0.20%"
"02/12/2020","301.54","299.83","302.20","298.09","110.63M","0.76%"
"02/11/2020","299.28","297.91","301.10","297.48","78.35M","1.03%"
"02/10/2020","296.24","294.07","296.73","293.33","72.22M","-0.66%"
"02/07/2020","298.21","299.59","300.05","296.01","108.11M","-0.81%"
"02/06/2020","300.65","294.74","300.98","294.32","110.22M","2.96%"
"02/05/2020","292.02","293.57","294.26","290.30","102.64M","0.46%"
"02/04/2020","290.68","285.19","291.38","285.11","105.45M","1.98%"
"02/03/2020","285.05","280.17","286.24","279.78","111.06M","0.18%"
"01/31/2020","284.53","290.24","291.47","284.53","101.46M","-1.33%"
"01/30/2020","288.37","293.27","294.11","287.09","101.54M","-1.91%"
"01/29/2020","293.98","294.38","295.67","292.45","85.73M","0.41%"
"01/28/2020","292.77","294.98","296.30","291.30","130.17M","-3.16%"
"01/23/2020","302.33","303.77","304.72","301.71","86.91M","-1.23%"
"01/22/2020","306.08","301.79","306.52","301.16","79.33M","1.31%"
"01/21/2020","302.11","304.94","306.09","301.85","67.63M","-1.14%"
"01/20/2020","305.58","304.99","307.54","304.77","78.04M","0.75%"
"01/17/2020","303.30","305.07","306.05","302.51","81.54M","0.17%"
"01/16/2020","302.78","299.93","302.91","298.95","85.71M","1.01%"
"01/15/2020","299.74","299.91","301.13","298.82","71.77M","-0.59%"
"01/14/2020","301.53","302.20","303.61","300.69","92.12M","0.47%"
"01/13/2020","300.13","296.62","300.31","296.53","81.68M","1.03%"
"01/10/2020","297.06","294.80","297.17","294.17","94.16M","0.90%"
"01/09/2020","294.41","293.83","294.41","292.10","111.79M","1.72%"
"01/08/2020","289.42","288.94","291.01","287.30","124.53M","-0.62%"
"01/07/2020","291.23","290.01","292.26","289.64","65.35M","0.97%"
"01/06/2020","288.43","287.73","289.41","287.49","69.96M","-0.79%"